ORIGIN,DEST,Flight Count,ORIGIN_STATE,DEST_STATE
ABE,ATL,785,PA,GA
ABE,CLE,508,PA,OH
ABE,CLT,397,PA,NC
ABE,DTW,989,PA,MI
ABE,FLL,62,PA,FL
ABE,MCO,125,PA,FL
ABE,ORD,1168,PA,IL
ABI,DFW,2490,TX,TX
ABQ,AMA,65,NM,TX
ABQ,ATL,1020,NM,GA
ABQ,BUR,1,NM,CA
ABQ,BWI,536,NM,MD
ABQ,CLE,9,NM,OH
ABQ,DAL,2807,NM,TX
ABQ,DEN,3899,NM,CO
ABQ,DFW,2872,NM,TX
ABQ,ELP,656,NM,TX
ABQ,HOU,1010,NM,TX
ABQ,IAD,364,NM,VA
ABQ,IAH,2211,NM,TX
ABQ,LAS,2052,NM,NV
ABQ,LAX,2375,NM,CA
ABQ,LBB,365,NM,TX
ABQ,MAF,363,NM,TX
ABQ,MCI,604,NM,MO
ABQ,MCO,591,NM,FL
ABQ,MDW,728,NM,IL
ABQ,MSP,674,NM,MN
ABQ,OAK,955,NM,CA
ABQ,ORD,727,NM,IL
ABQ,PDX,364,NM,OR
ABQ,PHX,5023,NM,AZ
ABQ,SAN,901,NM,CA
ABQ,SEA,600,NM,WA
ABQ,SFO,481,NM,CA
ABQ,SLC,2208,NM,UT
ABQ,STL,364,NM,MO
ABQ,TPA,66,NM,FL
ABQ,TUS,691,NM,AZ
ABY,ATL,995,GA,GA
ACK,JFK,342,MA,NY
ACT,DFW,1053,TX,TX
ACV,CEC,341,CA,CA
ACV,SFO,1975,CA,CA
ACV,SLC,438,CA,UT
ACV,SMF,616,CA,CA
ACY,ATL,404,NJ,GA
ACY,MCO,118,NJ,FL
ADK,ANC,103,AK,AK
ADQ,ANC,631,AK,AK
AEX,ATL,1038,LA,GA
AEX,DFW,995,LA,TX
AEX,IAH,798,LA,TX
AEX,MEM,116,LA,TN
AGS,ATL,3094,GA,GA
AGS,CAE,1,GA,SC
AGS,CLT,12,GA,NC
AKN,ANC,77,AK,AK
ALB,ATL,1033,NY,GA
ALB,BWI,2013,NY,MD
ALB,CLE,1185,NY,OH
ALB,CLT,965,NY,NC
ALB,CVG,691,NY,KY
ALB,DCA,127,NY,VA
ALB,DTW,1063,NY,MI
ALB,EWR,333,NY,NJ
ALB,FLL,364,NY,FL
ALB,IAD,267,NY,VA
ALB,JFK,478,NY,NY
ALB,LAS,364,NY,NV
ALB,MCO,926,NY,FL
ALB,MDW,714,NY,IL
ALB,MSP,123,NY,MN
ALB,ORD,997,NY,IL
ALB,PHL,2,NY,PA
ALB,TPA,373,NY,FL
ALO,MSP,330,IA,MN
AMA,ABQ,65,TX,NM
AMA,DAL,2458,TX,TX
AMA,DEN,696,TX,CO
AMA,DFW,1964,TX,TX
AMA,IAH,1102,TX,TX
AMA,LAS,364,TX,NV
ANC,ADK,103,AK,AK
ANC,ADQ,631,AK,AK
ANC,AKN,77,AK,AK
ANC,ATL,89,AK,GA
ANC,BET,1026,AK,AK
ANC,CDV,367,AK,AK
ANC,DEN,268,AK,CO
ANC,DFW,142,AK,TX
ANC,DLG,77,AK,AK
ANC,DTW,75,AK,MI
ANC,FAI,2660,AK,AK
ANC,HNL,232,AK,HI
ANC,IAH,148,AK,TX
ANC,JNU,1126,AK,AK
ANC,LAS,5,AK,NV
ANC,LAX,174,AK,CA
ANC,MSP,753,AK,MN
ANC,OGG,156,AK,HI
ANC,OME,362,AK,AK
ANC,ORD,459,AK,IL
ANC,OTZ,720,AK,AK
ANC,PDX,647,AK,OR
ANC,PHX,378,AK,AZ
ANC,SCC,339,AK,AK
ANC,SEA,6214,AK,WA
ANC,SFO,76,AK,CA
ANC,SLC,487,AK,UT
ASE,ATL,100,CO,GA
ASE,DEN,3700,CO,CO
ASE,LAX,409,CO,CA
ASE,ORD,281,CO,IL
ASE,SFO,66,CO,CA
ASE,SLC,145,CO,UT
ATL,ABE,785,GA,PA
ATL,ABQ,1020,GA,NM
ATL,ABY,997,GA,GA
ATL,ACY,405,GA,NJ
ATL,AEX,1038,GA,LA
ATL,AGS,3093,GA,GA
ATL,ALB,1033,GA,NY
ATL,ANC,89,GA,AK
ATL,ASE,100,GA,CO
ATL,ATW,546,GA,WI
ATL,AUS,2174,GA,TX
ATL,AVL,3040,GA,NC
ATL,AVP,228,GA,PA
ATL,BDL,2073,GA,CT
ATL,BHM,4227,GA,AL
ATL,BIL,78,GA,MT
ATL,BKG,397,GA,
ATL,BMI,2739,GA,IL
ATL,BNA,3467,GA,TN
ATL,BOI,9,GA,ID
ATL,BOS,6077,GA,MA
ATL,BQK,957,GA,GA
ATL,BTR,2412,GA,LA
ATL,BTV,305,GA,VT
ATL,BUF,2962,GA,NY
ATL,BWI,6112,GA,MD
ATL,BZN,53,GA,MT
ATL,CAE,3402,GA,SC
ATL,CAK,3863,GA,OH
ATL,CHA,2979,GA,TN
ATL,CHO,959,GA,VA
ATL,CHS,4519,GA,SC
ATL,CID,221,GA,IA
ATL,CLE,2935,GA,OH
ATL,CLT,6561,GA,NC
ATL,CMH,2659,GA,OH
ATL,COS,439,GA,CO
ATL,CRW,1588,GA,WV
ATL,CSG,1394,GA,GA
ATL,CVG,2085,GA,KY
ATL,DAB,2126,GA,FL
ATL,DAY,4166,GA,OH
ATL,DCA,7224,GA,VA
ATL,DEN,5218,GA,CO
ATL,DFW,9697,GA,TX
ATL,DHN,1385,GA,AL
ATL,DSM,972,GA,IA
ATL,DTW,5076,GA,MI
ATL,EGE,107,GA,CO
ATL,ELP,819,GA,TX
ATL,EVV,1034,GA,IN
ATL,EWN,979,GA,NC
ATL,EWR,7394,GA,NJ
ATL,EYW,1090,GA,FL
ATL,FAY,2835,GA,NC
ATL,FCA,11,GA,MT
ATL,FLL,7930,GA,FL
ATL,FLO,722,GA,SC
ATL,FNT,3199,GA,MI
ATL,FSD,179,GA,SD
ATL,FSM,145,GA,AR
ATL,FWA,723,GA,IN
ATL,GNV,2416,GA,FL
ATL,GPT,2438,GA,MS
ATL,GRK,711,GA,TX
ATL,GRR,1311,GA,MI
ATL,GSO,3398,GA,NC
ATL,GSP,3201,GA,SC
ATL,GTR,770,GA,MS
ATL,GUC,15,GA,CO
ATL,HDN,97,GA,CO
ATL,HNL,367,GA,HI
ATL,HOU,4228,GA,TX
ATL,HPN,2252,GA,NY
ATL,HSV,3510,GA,AL
ATL,IAD,5081,GA,VA
ATL,IAH,5519,GA,TX
ATL,ICT,3045,GA,KS
ATL,ILM,2457,GA,NC
ATL,IND,3504,GA,IN
ATL,JAC,138,GA,WY
ATL,JAN,3082,GA,MS
ATL,JAX,5614,GA,FL
ATL,JFK,2107,GA,NY
ATL,LAS,4280,GA,NV
ATL,LAW,140,GA,OK
ATL,LAX,4953,GA,CA
ATL,LEX,2610,GA,KY
ATL,LFT,1019,GA,LA
ATL,LGA,8668,GA,NY
ATL,LIT,3127,GA,AR
ATL,LNK,89,GA,NE
ATL,LWB,57,GA,WV
ATL,LYH,872,GA,VA
ATL,MCI,4262,GA,MO
ATL,MCO,9508,GA,FL
ATL,MDT,1666,GA,PA
ATL,MDW,4071,GA,IL
ATL,MEI,672,GA,MS
ATL,MEM,4886,GA,TN
ATL,MGM,2700,GA,AL
ATL,MHT,364,GA,NH
ATL,MIA,6291,GA,FL
ATL,MKE,4019,GA,WI
ATL,MLB,1946,GA,FL
ATL,MLI,2722,GA,IL
ATL,MLU,987,GA,LA
ATL,MOB,2796,GA,AL
ATL,MSN,315,GA,WI
ATL,MSP,5813,GA,MN
ATL,MSY,5034,GA,LA
ATL,MTJ,53,GA,CO
ATL,MYR,2365,GA,SC
ATL,OAJ,1558,GA,NC
ATL,OKC,2197,GA,OK
ATL,OMA,1706,GA,NE
ATL,ONT,368,GA,CA
ATL,ORD,7071,GA,IL
ATL,ORF,2883,GA,VA
ATL,PBI,4055,GA,FL
ATL,PDX,1075,GA,OR
ATL,PFN,2717,GA,FL
ATL,PHF,4267,GA,VA
ATL,PHL,6406,GA,PA
ATL,PHX,3937,GA,AZ
ATL,PIA,395,GA,IL
ATL,PIT,4553,GA,PA
ATL,PNS,4630,GA,FL
ATL,PVD,1154,GA,RI
ATL,PWM,999,GA,ME
ATL,RDU,5210,GA,NC
ATL,RIC,4406,GA,VA
ATL,RNO,20,GA,NV
ATL,ROA,1687,GA,VA
ATL,ROC,2353,GA,NY
ATL,RSW,4368,GA,FL
ATL,SAN,2251,GA,CA
ATL,SAT,4031,GA,TX
ATL,SAV,3483,GA,GA
ATL,SBN,982,GA,IN
ATL,SDF,3341,GA,KY
ATL,SEA,2580,GA,WA
ATL,SFO,3125,GA,CA
ATL,SGF,1236,GA,MO
ATL,SHV,1727,GA,LA
ATL,SJC,402,GA,CA
ATL,SJU,2277,GA,PR
ATL,SLC,2768,GA,UT
ATL,SMF,677,GA,CA
ATL,SNA,1525,GA,CA
ATL,SRQ,3144,GA,FL
ATL,STL,4083,GA,MO
ATL,STT,686,GA,VI
ATL,STX,48,GA,VI
ATL,SWF,414,GA,NY
ATL,SYR,1139,GA,NY
ATL,TLH,3372,GA,FL
ATL,TPA,7191,GA,FL
ATL,TRI,2298,GA,TN
ATL,TUL,1790,GA,OK
ATL,TUS,692,GA,AZ
ATL,TYS,3021,GA,TN
ATL,VLD,1046,GA,GA
ATL,VPS,3473,GA,FL
ATL,XNA,2035,GA,AR
ATW,ATL,546,WI,GA
ATW,CVG,107,WI,KY
ATW,DEN,273,WI,CO
ATW,DTW,1106,WI,MI
ATW,MKE,818,WI,WI
ATW,MSP,537,WI,MN
ATW,ORD,1916,WI,IL
AUS,ATL,2170,TX,GA
AUS,BNA,672,TX,TN
AUS,BOS,364,TX,MA
AUS,BWI,709,TX,MD
AUS,CLT,1012,TX,NC
AUS,CVG,4,TX,KY
AUS,DAL,3970,TX,TX
AUS,DEN,3068,TX,CO
AUS,DFW,5473,TX,TX
AUS,ELP,1309,TX,TX
AUS,EWR,923,TX,NJ
AUS,FLL,726,TX,FL
AUS,FSD,1,TX,SD
AUS,HOU,1978,TX,TX
AUS,HRL,364,TX,TX
AUS,IAD,319,TX,VA
AUS,IAH,3586,TX,TX
AUS,IND,4,TX,IN
AUS,JFK,894,TX,NY
AUS,LAS,1102,TX,NV
AUS,LAX,1745,TX,CA
AUS,LBB,645,TX,TX
AUS,LGB,365,TX,CA
AUS,MAF,119,TX,TX
AUS,MCO,891,TX,FL
AUS,MDW,662,TX,IL
AUS,MEM,576,TX,TN
AUS,OAK,364,TX,CA
AUS,ORD,2017,TX,IL
AUS,PHL,365,TX,PA
AUS,PHX,2763,TX,AZ
AUS,SAN,715,TX,CA
AUS,SEA,143,TX,WA
AUS,SFO,728,TX,CA
AUS,SJC,576,TX,CA
AUS,SLC,156,TX,UT
AUS,TPA,365,TX,FL
AVL,ATL,3038,NC,GA
AVL,DTW,469,NC,MI
AVL,EWR,470,NC,NJ
AVL,IAH,355,NC,TX
AVL,LGA,110,NC,NY
AVL,MCO,87,NC,FL
AVL,MSP,26,NC,MN
AVL,ORD,29,NC,IL
AVP,ATL,229,PA,GA
AVP,CLT,211,PA,NC
AVP,CVG,8,PA,KY
AVP,DTW,979,PA,MI
AVP,ORD,714,PA,IL
AVP,PIA,1,PA,IL
AZO,CVG,4,MI,KY
AZO,DTW,1115,MI,MI
AZO,MSP,216,MI,MN
AZO,ORD,1618,MI,IL
BDL,ATL,2071,CT,GA
BDL,BNA,364,CT,TN
BDL,BWI,2683,CT,MD
BDL,CLE,369,CT,OH
BDL,CLT,1655,CT,NC
BDL,CVG,737,CT,KY
BDL,DCA,752,CT,VA
BDL,DFW,1039,CT,TX
BDL,DTW,1212,CT,MI
BDL,EWR,829,CT,NJ
BDL,FLL,280,CT,FL
BDL,IAD,1280,CT,VA
BDL,IND,81,CT,IN
BDL,JFK,494,CT,NY
BDL,LAS,364,CT,NV
BDL,MCO,1696,CT,FL
BDL,MDW,931,CT,IL
BDL,MIA,364,CT,FL
BDL,MSP,630,CT,MN
BDL,ORD,2480,CT,IL
BDL,PBI,364,CT,FL
BDL,PHL,591,CT,PA
BDL,RDU,1031,CT,NC
BDL,RSW,124,CT,FL
BDL,SJU,364,CT,PR
BDL,STL,106,CT,MO
BDL,TPA,869,CT,FL
BET,ANC,1026,AK,AK
BFL,DEN,364,CA,CO
BFL,LAX,979,CA,CA
BFL,PHX,1165,CA,AZ
BFL,SFO,904,CA,CA
BGM,DTW,678,NY,MI
BGR,BOS,582,ME,MA
BGR,DTW,726,ME,MI
BGR,EWR,404,ME,NJ
BGR,JFK,924,ME,NY
BGR,MSP,4,ME,MN
BHM,ATL,4224,AL,GA
BHM,BNA,661,AL,TN
BHM,BWI,1026,AL,MD
BHM,CLT,639,AL,NC
BHM,CVG,201,AL,KY
BHM,DAL,1034,AL,TX
BHM,DEN,588,AL,CO
BHM,DFW,1076,AL,TX
BHM,DTW,945,AL,MI
BHM,EWR,278,AL,NJ
BHM,HOU,697,AL,TX
BHM,IAH,2261,AL,TX
BHM,JAX,362,AL,FL
BHM,LAS,364,AL,NV
BHM,LGA,717,AL,NY
BHM,MCO,744,AL,FL
BHM,MDW,704,AL,IL
BHM,MEM,888,AL,TN
BHM,MSP,87,AL,MN
BHM,MSY,700,AL,LA
BHM,ORD,934,AL,IL
BHM,PHX,309,AL,AZ
BHM,SDF,671,AL,KY
BHM,STL,364,AL,MO
BHM,TPA,726,AL,FL
BIL,ATL,77,MT,GA
BIL,DEN,1604,MT,CO
BIL,MSP,287,MT,MN
BIL,ORD,103,MT,IL
BIL,SLC,1787,MT,UT
BIS,DEN,1244,ND,CO
BIS,MSP,1176,ND,MN
BIS,ORD,209,ND,IL
BIS,SLC,177,ND,UT
BJI,MSP,54,MN,MN
BKG,ATL,397,,GA
BKG,MCO,2,,FL
BKG,MKE,43,,WI
BLI,LAS,100,WA,NV
BMI,ATL,2738,IL,GA
BMI,DFW,364,IL,TX
BMI,DTW,430,IL,MI
BMI,LAS,1,IL,NV
BMI,MCO,176,IL,FL
BMI,MSP,75,IL,MN
BMI,ORD,1038,IL,IL
BNA,ATL,3471,TN,GA
BNA,AUS,689,TN,TX
BNA,BDL,364,TN,CT
BNA,BHM,684,TN,AL
BNA,BWI,2343,TN,MD
BNA,CLE,680,TN,OH
BNA,CLT,1909,TN,NC
BNA,CMH,673,TN,OH
BNA,CVG,246,TN,KY
BNA,DCA,1684,TN,VA
BNA,DEN,2876,TN,CO
BNA,DFW,2830,TN,TX
BNA,DTW,2347,TN,MI
BNA,EWR,1774,TN,NJ
BNA,FLL,734,TN,FL
BNA,HOU,1396,TN,TX
BNA,HSV,1,TN,AL
BNA,IAD,570,TN,VA
BNA,IAH,2247,TN,TX
BNA,JAX,1247,TN,FL
BNA,JFK,836,TN,NY
BNA,LAS,1028,TN,NV
BNA,LAX,1172,TN,CA
BNA,LGA,1141,TN,NY
BNA,MCI,1169,TN,MO
BNA,MCO,1645,TN,FL
BNA,MDW,2518,TN,IL
BNA,MEM,921,TN,TN
BNA,MIA,734,TN,FL
BNA,MKE,810,TN,WI
BNA,MSP,758,TN,MN
BNA,MSY,968,TN,LA
BNA,OAK,184,TN,CA
BNA,ONT,357,TN,CA
BNA,ORD,3522,TN,IL
BNA,ORF,364,TN,VA
BNA,PHL,895,TN,PA
BNA,PHX,864,TN,AZ
BNA,PIA,1,TN,IL
BNA,PVD,364,TN,RI
BNA,RDU,1473,TN,NC
BNA,SAN,517,TN,CA
BNA,SAT,643,TN,TX
BNA,SEA,185,TN,WA
BNA,SLC,207,TN,UT
BNA,STL,526,TN,MO
BNA,TPA,1547,TN,FL
BOI,ATL,9,ID,GA
BOI,DEN,2140,ID,CO
BOI,GEG,1023,ID,WA
BOI,LAS,725,ID,NV
BOI,LAX,648,ID,CA
BOI,MFR,1,ID,OR
BOI,MSP,87,ID,MN
BOI,OAK,658,ID,CA
BOI,ORD,780,ID,IL
BOI,PDX,760,ID,OR
BOI,PHX,726,ID,AZ
BOI,RNO,846,ID,NV
BOI,SEA,750,ID,WA
BOI,SFO,1433,ID,CA
BOI,SLC,2992,ID,UT
BOS,ATL,6051,MA,GA
BOS,AUS,364,MA,TX
BOS,BGR,582,MA,ME
BOS,BUF,883,MA,NY
BOS,BWI,4899,MA,MD
BOS,CAK,492,MA,OH
BOS,CHS,79,MA,SC
BOS,CLE,1290,MA,OH
BOS,CLT,3655,MA,NC
BOS,CMH,507,MA,OH
BOS,CVG,1620,MA,KY
BOS,DCA,8691,MA,VA
BOS,DEN,1805,MA,CO
BOS,DFW,2899,MA,TX
BOS,DTW,2058,MA,MI
BOS,EWR,2944,MA,NJ
BOS,FLL,1624,MA,FL
BOS,IAD,4016,MA,VA
BOS,IAH,1714,MA,TX
BOS,IND,1167,MA,IN
BOS,JAX,348,MA,FL
BOS,JFK,8031,MA,NY
BOS,LAS,1049,MA,NV
BOS,LAX,2267,MA,CA
BOS,LGA,10874,MA,NY
BOS,LGB,665,MA,CA
BOS,MCO,3047,MA,FL
BOS,MDW,897,MA,IL
BOS,MEM,121,MA,TN
BOS,MIA,2183,MA,FL
BOS,MKE,486,MA,WI
BOS,MSP,1587,MA,MN
BOS,MSY,339,MA,LA
BOS,MYR,86,MA,SC
BOS,OAK,492,MA,CA
BOS,ORD,6906,MA,IL
BOS,PBI,1487,MA,FL
BOS,PDX,364,MA,OR
BOS,PHF,646,MA,VA
BOS,PHL,5161,MA,PA
BOS,PHX,1052,MA,AZ
BOS,PIT,505,MA,PA
BOS,RDU,4152,MA,NC
BOS,RIC,659,MA,VA
BOS,RSW,1460,MA,FL
BOS,SAN,588,MA,CA
BOS,SDF,1,MA,KY
BOS,SEA,935,MA,WA
BOS,SFO,2586,MA,CA
BOS,SJU,1023,MA,PR
BOS,SLC,696,MA,UT
BOS,SRQ,21,MA,FL
BOS,STL,847,MA,MO
BOS,STT,116,MA,VI
BOS,TPA,1443,MA,FL
BQK,ATL,956,GA,GA
BQN,EWR,337,PR,NJ
BQN,JFK,688,PR,NY
BQN,MCO,473,PR,FL
BRO,DFW,605,TX,TX
BRO,IAH,1636,TX,TX
BRW,ANC,411,AK,AK
BRW,FAI,361,AK,AK
BTM,SLC,689,MT,UT
BTR,ATL,2413,LA,GA
BTR,DFW,2894,LA,TX
BTR,IAH,2369,LA,TX
BTR,MEM,993,LA,TN
BTV,ATL,306,VT,GA
BTV,BWI,625,VT,MD
BTV,CLE,369,VT,OH
BTV,DTW,877,VT,MI
BTV,EWR,461,VT,NJ
BTV,IAD,291,VT,VA
BTV,JFK,2374,VT,NY
BTV,MCO,324,VT,FL
BTV,ORD,401,VT,IL
BUF,ATL,2963,NY,GA
BUF,BOS,882,NY,MA
BUF,BWI,2321,NY,MD
BUF,CLE,314,NY,OH
BUF,CLT,1356,NY,NC
BUF,CVG,125,NY,KY
BUF,DCA,81,NY,VA
BUF,DTW,1651,NY,MI
BUF,EWR,567,NY,NJ
BUF,FLL,698,NY,FL
BUF,IAD,452,NY,VA
BUF,JFK,4293,NY,NY
BUF,LAS,660,NY,NV
BUF,MCO,1797,NY,FL
BUF,MDW,1371,NY,IL
BUF,MSP,96,NY,MN
BUF,ORD,3111,NY,IL
BUF,PHL,685,NY,PA
BUF,PHX,364,NY,AZ
BUF,RSW,286,NY,FL
BUF,TPA,628,NY,FL
BUR,DEN,725,CA,CO
BUR,DFW,1336,CA,TX
BUR,JFK,1124,CA,NY
BUR,LAS,4836,CA,NV
BUR,OAK,4941,CA,CA
BUR,PHX,4427,CA,AZ
BUR,SEA,1186,CA,WA
BUR,SFO,1980,CA,CA
BUR,SJC,3116,CA,CA
BUR,SLC,1119,CA,UT
BUR,SMF,3244,CA,CA
BWI,ABQ,536,MD,NM
BWI,ALB,2013,MD,NY
BWI,ATL,6127,MD,GA
BWI,AUS,702,MD,TX
BWI,BDL,2678,MD,CT
BWI,BHM,1003,MD,AL
BWI,BNA,2359,MD,TN
BWI,BOS,4881,MD,MA
BWI,BTV,624,MD,VT
BWI,BUF,2299,MD,NY
BWI,CLE,2298,MD,OH
BWI,CLT,3705,MD,NC
BWI,CMH,1677,MD,OH
BWI,CVG,455,MD,KY
BWI,DAY,1057,MD,OH
BWI,DEN,2717,MD,CO
BWI,DFW,2348,MD,TX
BWI,DTW,3305,MD,MI
BWI,EWR,1430,MD,NJ
BWI,FLL,2955,MD,FL
BWI,HOU,1056,MD,TX
BWI,IAH,1656,MD,TX
BWI,IND,1102,MD,IN
BWI,ISP,2150,MD,NY
BWI,JAN,654,MD,MS
BWI,JAX,1065,MD,FL
BWI,JFK,1225,MD,NY
BWI,LAS,1212,MD,NV
BWI,LAX,977,MD,CA
BWI,LGA,558,MD,NY
BWI,LIT,364,MD,AR
BWI,MCI,969,MD,MO
BWI,MCO,4799,MD,FL
BWI,MDW,2371,MD,IL
BWI,MEM,517,MD,TN
BWI,MHT,3259,MD,NH
BWI,MIA,1088,MD,FL
BWI,MKE,1082,MD,WI
BWI,MSP,1094,MD,MN
BWI,MSY,419,MD,LA
BWI,OKC,357,MD,OK
BWI,ORD,3240,MD,IL
BWI,ORF,1529,MD,VA
BWI,PBI,1119,MD,FL
BWI,PHL,638,MD,PA
BWI,PHX,1933,MD,AZ
BWI,PIT,993,MD,PA
BWI,PVD,3396,MD,RI
BWI,PWM,934,MD,ME
BWI,RDU,2076,MD,NC
BWI,ROC,842,MD,NY
BWI,RSW,1310,MD,FL
BWI,SAN,684,MD,CA
BWI,SAT,713,MD,TX
BWI,SDF,1279,MD,KY
BWI,SEA,253,MD,WA
BWI,SFO,364,MD,CA
BWI,SJU,606,MD,PR
BWI,SLC,962,MD,UT
BWI,SRQ,328,MD,FL
BWI,STL,1643,MD,MO
BWI,TPA,2938,MD,FL
BZN,ATL,53,MT,GA
BZN,DEN,1389,MT,CO
BZN,DTW,21,MT,MI
BZN,LAX,13,MT,CA
BZN,LNK,1,MT,NE
BZN,MSP,378,MT,MN
BZN,ORD,285,MT,IL
BZN,SFO,40,MT,CA
BZN,SLC,1759,MT,UT
CAE,ATL,3396,SC,GA
CAE,CVG,503,SC,KY
CAE,DFW,1091,SC,TX
CAE,DTW,510,SC,MI
CAE,EWR,304,SC,NJ
CAE,IAD,1370,SC,VA
CAE,IAH,755,SC,TX
CAE,LGA,315,SC,NY
CAE,MEM,384,SC,TN
CAE,ORD,1382,SC,IL
CAK,ATL,3862,OH,GA
CAK,BOS,491,OH,MA
CAK,DEN,686,OH,CO
CAK,DTW,1118,OH,MI
CAK,FLL,33,OH,FL
CAK,LGA,713,OH,NY
CAK,MCO,371,OH,FL
CAK,ORD,1036,OH,IL
CAK,RSW,177,OH,FL
CAK,TPA,358,OH,FL
CDC,SLC,627,UT,UT
CDV,ANC,359,AK,AK
CDV,SEA,3,AK,WA
CDV,YAK,360,AK,AK
CEC,ACV,338,CA,CA
CEC,SFO,693,CA,CA
CHA,ATL,2979,TN,GA
CHA,CVG,106,TN,KY
CHA,DFW,460,TN,TX
CHA,MEM,457,TN,TN
CHA,ORD,717,TN,IL
CHO,ATL,959,VA,GA
CHO,DTW,348,VA,MI
CHS,ATL,4517,SC,GA
CHS,BOS,79,SC,MA
CHS,CLT,1029,SC,NC
CHS,CVG,367,SC,KY
CHS,DFW,1142,SC,TX
CHS,DTW,719,SC,MI
CHS,EWR,1043,SC,NJ
CHS,IAD,207,SC,VA
CHS,IAH,969,SC,TX
CHS,LGA,1160,SC,NY
CHS,MEM,512,SC,TN
CHS,MIA,43,SC,FL
CHS,MSP,11,SC,MN
CHS,ORD,1143,SC,IL
CIC,RDD,1,CA,CA
CIC,SFO,1390,CA,CA
CID,ATL,222,IA,GA
CID,CVG,305,IA,KY
CID,DEN,859,IA,CO
CID,DFW,2331,IA,TX
CID,DTW,989,IA,MI
CID,LGA,4,IA,NY
CID,MSP,593,IA,MN
CID,ORD,3571,IA,IL
CID,STL,175,IA,MO
CLD,LAX,2182,,CA
CLE,ABE,509,OH,PA
CLE,ABQ,9,OH,NM
CLE,ALB,1191,OH,NY
CLE,ATL,3309,OH,GA
CLE,BDL,355,OH,CT
CLE,BNA,673,OH,TN
CLE,BOS,1276,OH,MA
CLE,BTV,368,OH,VT
CLE,BUF,313,OH,NY
CLE,BWI,2289,OH,MD
CLE,CLT,1925,OH,NC
CLE,CMH,84,OH,OH
CLE,CVG,240,OH,KY
CLE,DAY,912,OH,OH
CLE,DCA,743,OH,VA
CLE,DEN,1112,OH,CO
CLE,DFW,1705,OH,TX
CLE,DTW,874,OH,MI
CLE,EWR,2060,OH,NJ
CLE,FLL,544,OH,FL
CLE,GRR,1128,OH,MI
CLE,GSP,434,OH,SC
CLE,IAD,844,OH,VA
CLE,IAH,2148,OH,TX
CLE,IND,266,OH,IN
CLE,JAX,240,OH,FL
CLE,JFK,1381,OH,NY
CLE,LAS,1437,OH,NV
CLE,LAX,991,OH,CA
CLE,LGA,2425,OH,NY
CLE,MCI,1192,OH,MO
CLE,MCO,1393,OH,FL
CLE,MDW,2360,OH,IL
CLE,MEM,986,OH,TN
CLE,MHT,1152,OH,NH
CLE,MIA,266,OH,FL
CLE,MKE,1967,OH,WI
CLE,MSN,354,OH,WI
CLE,MSP,1276,OH,MN
CLE,MSY,35,OH,LA
CLE,ORD,5118,OH,IL
CLE,PBI,366,OH,FL
CLE,PHL,398,OH,PA
CLE,PHX,629,OH,AZ
CLE,PVD,389,OH,RI
CLE,PWM,271,OH,ME
CLE,RDU,162,OH,NC
CLE,RIC,871,OH,VA
CLE,ROC,916,OH,NY
CLE,RSW,537,OH,FL
CLE,SAN,13,OH,CA
CLE,SDF,516,OH,KY
CLE,SEA,193,OH,WA
CLE,SFO,457,OH,CA
CLE,SJU,20,OH,PR
CLE,SLC,78,OH,UT
CLE,STL,891,OH,MO
CLE,SYR,336,OH,NY
CLE,TPA,663,OH,FL
CLE,TYS,407,OH,TN
CLL,DFW,1076,TX,TX
CLT,ABE,397,NC,PA
CLT,AGS,12,NC,GA
CLT,ALB,965,NC,NY
CLT,ATL,6548,NC,GA
CLT,AUS,1010,NC,TX
CLT,AVP,210,NC,PA
CLT,BDL,1655,NC,CT
CLT,BHM,638,NC,AL
CLT,BNA,1909,NC,TN
CLT,BOS,3685,NC,MA
CLT,BUF,1356,NC,NY
CLT,BWI,3690,NC,MD
CLT,CHS,1030,NC,SC
CLT,CLE,1898,NC,OH
CLT,CVG,54,NC,KY
CLT,DAB,23,NC,FL
CLT,DCA,2762,NC,VA
CLT,DEN,1613,NC,CO
CLT,DFW,3898,NC,TX
CLT,DTW,2864,NC,MI
CLT,EWR,5791,NC,NJ
CLT,FAY,227,NC,NC
CLT,FLL,3123,NC,FL
CLT,GSO,36,NC,NC
CLT,HNL,15,NC,HI
CLT,HSV,298,NC,AL
CLT,IAD,2749,NC,VA
CLT,IAH,4349,NC,TX
CLT,ILM,1027,NC,NC
CLT,IND,585,NC,IN
CLT,JAX,2370,NC,FL
CLT,JFK,2367,NC,NY
CLT,LAS,1775,NC,NV
CLT,LAX,1430,NC,CA
CLT,LGA,3060,NC,NY
CLT,LIT,1,NC,AR
CLT,MCI,800,NC,MO
CLT,MCO,3185,NC,FL
CLT,MDT,1219,NC,PA
CLT,MEM,2122,NC,TN
CLT,MHT,386,NC,NH
CLT,MIA,3454,NC,FL
CLT,MSP,1607,NC,MN
CLT,MSY,1431,NC,LA
CLT,MYR,1468,NC,SC
CLT,OAJ,15,NC,NC
CLT,ORD,5418,NC,IL
CLT,ORF,1502,NC,VA
CLT,PBI,1833,NC,FL
CLT,PDX,97,NC,OR
CLT,PHL,3460,NC,PA
CLT,PHX,2375,NC,AZ
CLT,PIT,2476,NC,PA
CLT,PNS,133,NC,FL
CLT,PVD,1638,NC,RI
CLT,PWM,105,NC,ME
CLT,RDU,2391,NC,NC
CLT,RIC,1356,NC,VA
CLT,ROC,371,NC,NY
CLT,RSW,1742,NC,FL
CLT,SAN,568,NC,CA
CLT,SAT,249,NC,TX
CLT,SAV,1408,NC,GA
CLT,SDF,765,NC,KY
CLT,SEA,520,NC,WA
CLT,SFO,1310,NC,CA
CLT,SJU,786,NC,PR
CLT,SMF,77,NC,CA
CLT,SRQ,204,NC,FL
CLT,STL,867,NC,MO
CLT,STT,423,NC,VI
CLT,STX,21,NC,VI
CLT,SYR,688,NC,NY
CLT,TPA,2748,NC,FL
CLT,TRI,9,NC,TN
CLT,TUS,3,NC,AZ
CMH,ATL,2659,OH,GA
CMH,BNA,672,OH,TN
CMH,BOS,375,OH,MA
CMH,BWI,1675,OH,MD
CMH,CLE,85,OH,OH
CMH,CVG,394,OH,KY
CMH,DAY,1,OH,OH
CMH,DEN,471,OH,CO
CMH,DFW,1545,OH,TX
CMH,DTW,1893,OH,MI
CMH,EWR,1465,OH,NJ
CMH,FLL,279,OH,FL
CMH,IAH,870,OH,TX
CMH,JFK,257,OH,NY
CMH,LAS,789,OH,NV
CMH,LAX,6,OH,CA
CMH,LGA,2047,OH,NY
CMH,MCO,1377,OH,FL
CMH,MDW,2335,OH,IL
CMH,MEM,1008,OH,TN
CMH,MIA,467,OH,FL
CMH,MKE,532,OH,WI
CMH,MSP,1037,OH,MN
CMH,ORD,4290,OH,IL
CMH,PHL,634,OH,PA
CMH,PHX,1056,OH,AZ
CMH,RDU,364,OH,NC
CMH,RSW,387,OH,FL
CMH,STL,624,OH,MO
CMH,TPA,897,OH,FL
CMI,DFW,364,IL,TX
CMI,DTW,20,IL,MI
CMI,ORD,1879,IL,IL
CMX,MSP,359,MI,MN
COD,DEN,364,WY,CO
COD,SLC,684,WY,UT
COS,ABQ,1,CO,NM
COS,ATL,438,CO,GA
COS,DEN,4076,CO,CO
COS,DFW,1948,CO,TX
COS,IAH,1697,CO,TX
COS,LAX,943,CO,CA
COS,ORD,1600,CO,IL
COS,PHX,1293,CO,AZ
COS,SFO,364,CO,CA
COS,SLC,844,CO,UT
CPR,DEN,1450,WY,CO
CPR,GCC,1,WY,WY
CPR,MSP,75,WY,MN
CPR,SLC,756,WY,UT
CRP,DFW,2348,TX,TX
CRP,HOU,1685,TX,TX
CRP,IAH,2297,TX,TX
CRW,ATL,1587,WV,GA
CRW,CVG,450,WV,KY
CRW,DTW,59,WV,MI
CRW,IAH,461,WV,TX
CRW,LGA,228,WV,NY
CRW,MCO,81,WV,FL
CRW,ORD,688,WV,IL
CSG,ATL,1394,GA,GA
CVG,ALB,691,KY,NY
CVG,ATL,2075,KY,GA
CVG,ATW,106,KY,WI
CVG,AUS,4,KY,TX
CVG,AVP,7,KY,PA
CVG,AZO,3,KY,MI
CVG,BDL,736,KY,CT
CVG,BHM,207,KY,AL
CVG,BNA,247,KY,TN
CVG,BOS,1608,KY,MA
CVG,BUF,125,KY,NY
CVG,BWI,454,KY,MD
CVG,CAE,501,KY,SC
CVG,CHA,106,KY,TN
CVG,CHS,367,KY,SC
CVG,CID,304,KY,IA
CVG,CLE,241,KY,OH
CVG,CLT,55,KY,NC
CVG,CMH,363,KY,OH
CVG,CRW,449,KY,WV
CVG,DAY,530,KY,OH
CVG,DCA,1763,KY,VA
CVG,DEN,896,KY,CO
CVG,DFW,3327,KY,TX
CVG,DSM,371,KY,IA
CVG,DTW,1884,KY,MI
CVG,EGE,15,KY,CO
CVG,EVV,140,KY,IN
CVG,EWR,2335,KY,NJ
CVG,FLL,809,KY,FL
CVG,FSD,193,KY,SD
CVG,FWA,153,KY,IN
CVG,GRR,450,KY,MI
CVG,GSO,968,KY,NC
CVG,GSP,420,KY,SC
CVG,HPN,331,KY,NY
CVG,HSV,609,KY,AL
CVG,HTS,219,KY,WV
CVG,IAD,9,KY,VA
CVG,IAH,2392,KY,TX
CVG,IND,301,KY,IN
CVG,JAX,562,KY,FL
CVG,JFK,1258,KY,NY
CVG,LAS,675,KY,NV
CVG,LAX,873,KY,CA
CVG,LEX,676,KY,KY
CVG,LGA,1982,KY,NY
CVG,MCI,572,KY,MO
CVG,MCO,1340,KY,FL
CVG,MDT,657,KY,PA
CVG,MEM,514,KY,TN
CVG,MHT,7,KY,NH
CVG,MIA,918,KY,FL
CVG,MKE,425,KY,WI
CVG,MSN,429,KY,WI
CVG,MSP,1541,KY,MN
CVG,MSY,347,KY,LA
CVG,OKC,476,KY,OK
CVG,OMA,822,KY,NE
CVG,ORD,5206,KY,IL
CVG,ORF,137,KY,VA
CVG,PBI,404,KY,FL
CVG,PFN,28,KY,FL
CVG,PHL,1115,KY,PA
CVG,PHX,363,KY,AZ
CVG,PIT,426,KY,PA
CVG,PVD,267,KY,RI
CVG,PWM,4,KY,ME
CVG,RDU,694,KY,NC
CVG,RIC,38,KY,VA
CVG,ROC,3,KY,NY
CVG,RSW,604,KY,FL
CVG,SAN,358,KY,CA
CVG,SAT,122,KY,TX
CVG,SAV,439,KY,GA
CVG,SBN,18,KY,IN
CVG,SDF,287,KY,KY
CVG,SEA,658,KY,WA
CVG,SFO,687,KY,CA
CVG,SLC,1400,KY,UT
CVG,SNA,85,KY,CA
CVG,SRQ,350,KY,FL
CVG,STL,474,KY,MO
CVG,SYR,19,KY,NY
CVG,TPA,1069,KY,FL
CVG,TRI,306,KY,TN
CVG,TUL,448,KY,OK
CVG,TYS,759,KY,TN
CVG,VPS,56,KY,FL
CVG,XNA,2,KY,AR
CWA,DTW,559,WI,MI
CWA,ORD,2339,WI,IL
DAB,ATL,2123,FL,GA
DAB,CLT,23,FL,NC
DAL,ABQ,2828,TX,NM
DAL,AMA,2448,TX,TX
DAL,AUS,3930,TX,TX
DAL,BHM,1031,TX,AL
DAL,ELP,2389,TX,TX
DAL,HOU,8891,TX,TX
DAL,HRL,9,TX,TX
DAL,IAH,2846,TX,TX
DAL,LBB,2434,TX,TX
DAL,LIT,2294,TX,AR
DAL,MAF,1956,TX,TX
DAL,MCI,2687,TX,MO
DAL,MEM,528,TX,TN
DAL,MSY,2071,TX,LA
DAL,OKC,1655,TX,OK
DAL,ORD,893,TX,IL
DAL,SAT,4590,TX,TX
DAL,STL,2569,TX,MO
DAL,TUL,2158,TX,OK
DAY,ATL,4169,OH,GA
DAY,BWI,1056,OH,MD
DAY,CLE,914,OH,OH
DAY,CVG,531,OH,KY
DAY,DEN,655,OH,CO
DAY,DFW,1046,OH,TX
DAY,DTW,1232,OH,MI
DAY,EWR,928,OH,NJ
DAY,IAD,450,OH,VA
DAY,IAH,714,OH,TX
DAY,MCO,435,OH,FL
DAY,MKE,483,OH,WI
DAY,MSP,565,OH,MN
DAY,ORD,1007,OH,IL
DAY,TPA,189,OH,FL
DBQ,ORD,1035,IA,IL
DCA,ALB,127,VA,NY
DCA,ATL,7225,VA,GA
DCA,BDL,752,VA,CT
DCA,BNA,1684,VA,TN
DCA,BOS,8779,VA,MA
DCA,BUF,404,VA,NY
DCA,CLE,742,VA,OH
DCA,CLT,2796,VA,NC
DCA,CVG,1750,VA,KY
DCA,DEN,1419,VA,CO
DCA,DFW,3918,VA,TX
DCA,DSM,308,VA,IA
DCA,DTW,2751,VA,MI
DCA,EWR,1506,VA,NJ
DCA,FLL,1247,VA,FL
DCA,GRR,300,VA,MI
DCA,HSV,553,VA,AL
DCA,IAH,2679,VA,TX
DCA,IND,1265,VA,IN
DCA,JAN,307,VA,MS
DCA,JAX,635,VA,FL
DCA,JFK,4430,VA,NY
DCA,LAS,364,VA,NV
DCA,LAX,364,VA,CA
DCA,LEX,305,VA,KY
DCA,LGA,5121,VA,NY
DCA,MCO,2103,VA,FL
DCA,MEM,1032,VA,TN
DCA,MIA,3189,VA,FL
DCA,MKE,394,VA,WI
DCA,MSN,323,VA,WI
DCA,MSP,2086,VA,MN
DCA,MSY,261,VA,LA
DCA,ORD,8240,VA,IL
DCA,PBI,913,VA,FL
DCA,PHL,315,VA,PA
DCA,PHX,1079,VA,AZ
DCA,PIT,119,VA,PA
DCA,PLN,1,VA,MI
DCA,PVD,466,VA,RI
DCA,RDU,2826,VA,NC
DCA,RSW,686,VA,FL
DCA,SEA,723,VA,WA
DCA,SLC,361,VA,UT
DCA,SRQ,3,VA,FL
DCA,STL,1302,VA,MO
DCA,SYR,220,VA,NY
DCA,TPA,1446,VA,FL
DEN,ABQ,3868,CO,NM
DEN,AMA,705,CO,TX
DEN,ANC,268,CO,AK
DEN,ASE,3703,CO,CO
DEN,ATL,5259,CO,GA
DEN,ATW,270,CO,WI
DEN,AUS,2875,CO,TX
DEN,BFL,364,CO,CA
DEN,BHM,588,CO,AL
DEN,BIL,1602,CO,MT
DEN,BIS,1244,CO,ND
DEN,BNA,2877,CO,TN
DEN,BOI,2165,CO,ID
DEN,BOS,2163,CO,MA
DEN,BUR,726,CO,CA
DEN,BWI,2715,CO,MD
DEN,BZN,1402,CO,MT
DEN,CAK,685,CO,OH
DEN,CID,764,CO,IA
DEN,CLE,1100,CO,OH
DEN,CLT,1616,CO,NC
DEN,CMH,306,CO,OH
DEN,COD,364,CO,WY
DEN,COS,4064,CO,CO
DEN,CPR,1450,CO,WY
DEN,CVG,934,CO,KY
DEN,DAY,654,CO,OH
DEN,DCA,1422,CO,VA
DEN,DFW,7623,CO,TX
DEN,DRO,2537,CO,CO
DEN,DSM,1138,CO,IA
DEN,DTW,2551,CO,MI
DEN,EGE,971,CO,CO
DEN,ELP,1144,CO,TX
DEN,EUG,713,CO,OR
DEN,EWR,2168,CO,NJ
DEN,FAR,1333,CO,ND
DEN,FAT,1066,CO,CA
DEN,FCA,485,CO,MT
DEN,FLL,789,CO,FL
DEN,FSD,1396,CO,SD
DEN,GCC,707,CO,WY
DEN,GEG,1494,CO,WA
DEN,GJT,2535,CO,CO
DEN,GRR,207,CO,MI
DEN,GTF,797,CO,MT
DEN,GUC,966,CO,CO
DEN,HDN,1036,CO,CO
DEN,HLN,702,CO,MT
DEN,HNL,377,CO,HI
DEN,HOU,1046,CO,TX
DEN,HSV,695,CO,AL
DEN,IAD,2836,CO,VA
DEN,IAH,4796,CO,TX
DEN,ICT,1617,CO,KS
DEN,IDA,930,CO,ID
DEN,IND,2050,CO,IN
DEN,JAC,1163,CO,WY
DEN,JFK,1041,CO,NY
DEN,KOA,43,CO,HI
DEN,LAS,8134,CO,NV
DEN,LAX,8247,CO,CA
DEN,LGA,2595,CO,NY
DEN,LIH,43,CO,HI
DEN,LIT,1109,CO,AR
DEN,LNK,1036,CO,NE
DEN,MAF,30,CO,TX
DEN,MCI,5022,CO,MO
DEN,MCO,2958,CO,FL
DEN,MDW,4596,CO,IL
DEN,MEM,829,CO,TN
DEN,MFR,453,CO,OR
DEN,MIA,672,CO,FL
DEN,MKE,2031,CO,WI
DEN,MLI,752,CO,IL
DEN,MRY,362,CO,CA
DEN,MSN,1018,CO,WI
DEN,MSO,1226,CO,MT
DEN,MSP,6143,CO,MN
DEN,MSY,1300,CO,LA
DEN,MTJ,1699,CO,CO
DEN,OAK,1959,CO,CA
DEN,OGG,163,CO,HI
DEN,OKC,2517,CO,OK
DEN,OMA,4071,CO,NE
DEN,ONT,1254,CO,CA
DEN,ORD,5268,CO,IL
DEN,PDX,4345,CO,OR
DEN,PHL,2950,CO,PA
DEN,PHX,8992,CO,AZ
DEN,PIA,364,CO,IL
DEN,PIT,425,CO,PA
DEN,PSC,900,CO,WA
DEN,PSP,1212,CO,CA
DEN,RAP,2519,CO,SD
DEN,RDM,210,CO,OR
DEN,RDU,364,CO,NC
DEN,RKS,686,CO,WY
DEN,RNO,1174,CO,NV
DEN,RSW,24,CO,FL
DEN,SAN,4997,CO,CA
DEN,SAT,2523,CO,TX
DEN,SBA,792,CO,CA
DEN,SDF,15,CO,KY
DEN,SEA,5455,CO,WA
DEN,SFO,6171,CO,CA
DEN,SGF,815,CO,MO
DEN,SJC,3679,CO,CA
DEN,SLC,8558,CO,UT
DEN,SMF,3590,CO,CA
DEN,SNA,4181,CO,CA
DEN,STL,2384,CO,MO
DEN,TPA,1439,CO,FL
DEN,TUL,2231,CO,OK
DEN,TUS,2808,CO,AZ
DEN,TVC,106,CO,MI
DEN,TYS,364,CO,TN
DEN,XNA,810,CO,AR
DFW,ABI,2490,TX,TX
DFW,ABQ,2872,TX,NM
DFW,ACT,1052,TX,TX
DFW,AEX,995,TX,LA
DFW,AMA,1963,TX,TX
DFW,ANC,142,TX,AK
DFW,ATL,9702,TX,GA
DFW,AUS,5472,TX,TX
DFW,BDL,1039,TX,CT
DFW,BHM,1076,TX,AL
DFW,BMI,364,TX,IL
DFW,BNA,2830,TX,TN
DFW,BOS,2901,TX,MA
DFW,BRO,606,TX,TX
DFW,BTR,2894,TX,LA
DFW,BUR,1336,TX,CA
DFW,BWI,2350,TX,MD
DFW,CAE,1091,TX,SC
DFW,CHA,460,TX,TN
DFW,CHS,1142,TX,SC
DFW,CID,2331,TX,IA
DFW,CLE,1746,TX,OH
DFW,CLL,1077,TX,TX
DFW,CLT,3899,TX,NC
DFW,CMH,1545,TX,OH
DFW,CMI,364,TX,IL
DFW,COS,1948,TX,CO
DFW,CRP,2348,TX,TX
DFW,CVG,3327,TX,KY
DFW,DAY,1046,TX,OH
DFW,DCA,3921,TX,VA
DFW,DEN,7309,TX,CO
DFW,DSM,2365,TX,IA
DFW,DTW,2739,TX,MI
DFW,EGE,352,TX,CO
DFW,ELP,2854,TX,TX
DFW,EVV,364,TX,IN
DFW,EWR,3616,TX,NJ
DFW,FAT,769,TX,CA
DFW,FLL,1923,TX,FL
DFW,FSM,1694,TX,AR
DFW,FWA,728,TX,IN
DFW,GGG,728,TX,TX
DFW,GJT,866,TX,CO
DFW,GPT,1217,TX,MS
DFW,GRK,1228,TX,TX
DFW,GRR,866,TX,MI
DFW,GSO,995,TX,NC
DFW,GSP,1455,TX,SC
DFW,GUC,112,TX,CO
DFW,HDN,127,TX,CO
DFW,HNL,728,TX,HI
DFW,HOU,2531,TX,TX
DFW,HSV,1030,TX,AL
DFW,IAD,2056,TX,VA
DFW,IAH,4967,TX,TX
DFW,ICT,1467,TX,KS
DFW,IND,1764,TX,IN
DFW,JAC,261,TX,WY
DFW,JAN,3011,TX,MS
DFW,JAX,1255,TX,FL
DFW,JFK,729,TX,NY
DFW,LAS,4848,TX,NV
DFW,LAW,182,TX,OK
DFW,LAX,6367,TX,CA
DFW,LBB,2557,TX,TX
DFW,LCH,405,TX,LA
DFW,LEX,1186,TX,KY
DFW,LFT,1400,TX,LA
DFW,LGA,5288,TX,NY
DFW,LIT,3446,TX,AR
DFW,LRD,1403,TX,TX
DFW,MAF,1196,TX,TX
DFW,MCI,2844,TX,MO
DFW,MCO,3965,TX,FL
DFW,MEM,2101,TX,TN
DFW,MFE,1424,TX,TX
DFW,MGM,406,TX,AL
DFW,MHK,255,TX,KS
DFW,MIA,3555,TX,FL
DFW,MKE,1035,TX,WI
DFW,MLI,662,TX,IL
DFW,MLU,980,TX,LA
DFW,MOB,1188,TX,AL
DFW,MSN,858,TX,WI
DFW,MSP,2992,TX,MN
DFW,MSY,2268,TX,LA
DFW,MTJ,186,TX,CO
DFW,OGG,364,TX,HI
DFW,OKC,2521,TX,OK
DFW,OMA,1756,TX,NE
DFW,ONT,1673,TX,CA
DFW,ORD,7232,TX,IL
DFW,ORF,912,TX,VA
DFW,PBI,834,TX,FL
DFW,PDX,1702,TX,OR
DFW,PHL,3588,TX,PA
DFW,PHX,5144,TX,AZ
DFW,PIA,728,TX,IL
DFW,PIT,1807,TX,PA
DFW,PNS,2067,TX,FL
DFW,PSP,970,TX,CA
DFW,RDU,1992,TX,NC
DFW,RIC,1035,TX,VA
DFW,RNO,857,TX,NV
DFW,ROW,1040,TX,NM
DFW,RSW,863,TX,FL
DFW,SAF,246,TX,NM
DFW,SAN,3226,TX,CA
DFW,SAT,5487,TX,TX
DFW,SAV,951,TX,GA
DFW,SBA,96,TX,CA
DFW,SDF,1305,TX,KY
DFW,SEA,3849,TX,WA
DFW,SFO,3591,TX,CA
DFW,SGF,2821,TX,MO
DFW,SHV,1563,TX,LA
DFW,SJC,2066,TX,CA
DFW,SJT,530,TX,TX
DFW,SJU,768,TX,PR
DFW,SLC,3188,TX,UT
DFW,SMF,1292,TX,CA
DFW,SNA,3819,TX,CA
DFW,SPS,299,TX,TX
DFW,STL,3095,TX,MO
DFW,TLH,355,TX,FL
DFW,TPA,2594,TX,FL
DFW,TUL,2894,TX,OK
DFW,TUS,2514,TX,AZ
DFW,TXK,1352,TX,AR
DFW,TYR,1315,TX,TX
DFW,TYS,1816,TX,TN
DFW,VPS,2068,TX,FL
DFW,XNA,2779,TX,AR
DHN,ATL,1386,AL,GA
DLG,ANC,77,AK,AK
DLH,DTW,708,MN,MI
DLH,MSP,1213,MN,MN
DLH,ORD,29,MN,IL
DRO,DEN,2536,CO,CO
DRO,PHX,794,CO,AZ
DSM,ATL,972,IA,GA
DSM,CVG,371,IA,KY
DSM,DCA,306,IA,VA
DSM,DEN,1467,IA,CO
DSM,DFW,2365,IA,TX
DSM,DTW,662,IA,MI
DSM,IAH,681,IA,TX
DSM,LGA,467,IA,NY
DSM,LNK,1,IA,NE
DSM,MEM,697,IA,TN
DSM,MKE,887,IA,WI
DSM,MSP,1074,IA,MN
DSM,ORD,4003,IA,IL
DSM,PHX,927,IA,AZ
DSM,SLC,27,IA,UT
DSM,STL,218,IA,MO
DTW,ABE,990,MI,PA
DTW,ALB,1063,MI,NY
DTW,ANC,75,MI,AK
DTW,ATL,5067,MI,GA
DTW,ATW,1144,MI,WI
DTW,AVL,468,MI,NC
DTW,AVP,979,MI,PA
DTW,AZO,1088,MI,MI
DTW,BDL,1207,MI,CT
DTW,BGM,677,MI,NY
DTW,BGR,725,MI,ME
DTW,BHM,946,MI,AL
DTW,BMI,431,MI,IL
DTW,BNA,2327,MI,TN
DTW,BOS,2179,MI,MA
DTW,BTV,877,MI,VT
DTW,BUF,1652,MI,NY
DTW,BWI,3279,MI,MD
DTW,BZN,21,MI,MT
DTW,CAE,509,MI,SC
DTW,CAK,1118,MI,OH
DTW,CHO,348,MI,VA
DTW,CHS,720,MI,SC
DTW,CID,991,MI,IA
DTW,CLE,1005,MI,OH
DTW,CLT,2900,MI,NC
DTW,CMH,1888,MI,OH
DTW,CMI,20,MI,IL
DTW,CRW,59,MI,WV
DTW,CVG,1868,MI,KY
DTW,CWA,559,MI,WI
DTW,DAY,1286,MI,OH
DTW,DCA,2749,MI,VA
DTW,DEN,2577,MI,CO
DTW,DFW,2805,MI,TX
DTW,DLH,708,MI,MN
DTW,DSM,662,MI,IA
DTW,EGE,2,MI,CO
DTW,ELM,1313,MI,NY
DTW,ERI,1202,MI,PA
DTW,EVV,979,MI,IN
DTW,EWR,3542,MI,NJ
DTW,FLL,1529,MI,FL
DTW,FNT,1709,MI,MI
DTW,FSD,108,MI,SD
DTW,FWA,1297,MI,IN
DTW,GRB,1288,MI,WI
DTW,GRR,2396,MI,MI
DTW,GSO,995,MI,NC
DTW,GSP,994,MI,SC
DTW,HPN,176,MI,NY
DTW,HSV,683,MI,AL
DTW,IAD,1379,MI,VA
DTW,IAH,2487,MI,TX
DTW,ICT,157,MI,KS
DTW,IND,2041,MI,IN
DTW,ITH,404,MI,NY
DTW,JAN,495,MI,MS
DTW,JAX,695,MI,FL
DTW,JFK,1528,MI,NY
DTW,LAN,1550,MI,MI
DTW,LAS,1976,MI,NV
DTW,LAX,1739,MI,CA
DTW,LEX,1076,MI,KY
DTW,LGA,4247,MI,NY
DTW,LIT,344,MI,AR
DTW,LNK,4,MI,NE
DTW,LSE,192,MI,WI
DTW,MBS,1974,MI,MI
DTW,MCI,1350,MI,MO
DTW,MCO,3150,MI,FL
DTW,MDT,857,MI,PA
DTW,MDW,3071,MI,IL
DTW,MEM,2004,MI,TN
DTW,MHT,837,MI,NH
DTW,MIA,1337,MI,FL
DTW,MKE,1566,MI,WI
DTW,MLI,794,MI,IL
DTW,MSN,1628,MI,WI
DTW,MSP,4097,MI,MN
DTW,MSY,88,MI,LA
DTW,MYR,204,MI,SC
DTW,OKC,362,MI,OK
DTW,OMA,1216,MI,NE
DTW,ORD,6517,MI,IL
DTW,ORF,929,MI,VA
DTW,PBI,468,MI,FL
DTW,PDX,121,MI,OR
DTW,PHL,2768,MI,PA
DTW,PHX,2877,MI,AZ
DTW,PIA,571,MI,IL
DTW,PIT,1305,MI,PA
DTW,PLN,358,MI,MI
DTW,PVD,1130,MI,RI
DTW,PWM,572,MI,ME
DTW,RDU,1439,MI,NC
DTW,RIC,556,MI,VA
DTW,ROA,881,MI,VA
DTW,ROC,707,MI,NY
DTW,RST,330,MI,MN
DTW,RSW,1222,MI,FL
DTW,SAN,595,MI,CA
DTW,SAT,9,MI,TX
DTW,SAV,445,MI,GA
DTW,SBN,1308,MI,IN
DTW,SCE,830,MI,
DTW,SDF,835,MI,KY
DTW,SEA,1168,MI,WA
DTW,SFO,1159,MI,CA
DTW,SGF,121,MI,MO
DTW,SHV,104,MI,LA
DTW,SJU,61,MI,PR
DTW,SLC,1295,MI,UT
DTW,SNA,202,MI,CA
DTW,SRQ,150,MI,FL
DTW,STL,2225,MI,MO
DTW,SWF,977,MI,NY
DTW,SYR,1148,MI,NY
DTW,TOL,318,MI,OH
DTW,TPA,1546,MI,FL
DTW,TUL,689,MI,OK
DTW,TVC,1536,MI,MI
DTW,TYS,1246,MI,TN
DTW,XNA,334,MI,AR
EGE,ATL,108,CO,GA
EGE,CVG,15,CO,KY
EGE,DEN,969,CO,CO
EGE,DFW,352,CO,TX
EGE,DTW,2,CO,MI
EGE,EWR,107,CO,NJ
EGE,IAH,115,CO,TX
EGE,JFK,110,CO,NY
EGE,LAX,111,CO,CA
EGE,LGA,16,CO,NY
EGE,MIA,50,CO,FL
EGE,MSP,106,CO,MN
EGE,ORD,127,CO,IL
EKO,SLC,1416,NV,UT
ELM,DTW,1314,NY,MI
ELP,ABQ,648,TX,NM
ELP,ATL,817,TX,GA
ELP,AUS,1308,TX,TX
ELP,DAL,2361,TX,TX
ELP,DEN,1144,TX,CO
ELP,DFW,2854,TX,TX
ELP,HOU,990,TX,TX
ELP,IAH,1961,TX,TX
ELP,LAS,1086,TX,NV
ELP,LAX,1077,TX,CA
ELP,LBB,58,TX,TX
ELP,ORD,757,TX,IL
ELP,PHX,3790,TX,AZ
ELP,SAN,364,TX,CA
ELP,SAT,1281,TX,TX
ELP,SLC,266,TX,UT
ERI,DTW,1202,PA,MI
EUG,DEN,713,OR,CO
EUG,MFR,1,OR,OR
EUG,MSO,1,OR,MT
EUG,PDX,1358,OR,OR
EUG,SFO,2232,OR,CA
EUG,SLC,755,OR,UT
EVV,ATL,1033,IN,GA
EVV,CVG,141,IN,KY
EVV,DFW,364,IN,TX
EVV,DTW,979,IN,MI
EVV,MEM,502,IN,TN
EVV,ORD,1742,IN,IL
EWN,ATL,978,NC,GA
EWR,ALB,328,NJ,NY
EWR,ATL,7384,NJ,GA
EWR,AUS,918,NJ,TX
EWR,AVL,470,NJ,NC
EWR,BDL,843,NJ,CT
EWR,BGR,403,NJ,ME
EWR,BHM,278,NJ,AL
EWR,BNA,1772,NJ,TN
EWR,BOS,2884,NJ,MA
EWR,BQN,335,NJ,PR
EWR,BTV,463,NJ,VT
EWR,BUF,568,NJ,NY
EWR,BWI,1432,NJ,MD
EWR,CAE,304,NJ,SC
EWR,CHS,1041,NJ,SC
EWR,CLE,2065,NJ,OH
EWR,CLT,5808,NJ,NC
EWR,CMH,1468,NJ,OH
EWR,CVG,2334,NJ,KY
EWR,DAY,928,NJ,OH
EWR,DCA,1505,NJ,VA
EWR,DEN,2166,NJ,CO
EWR,DFW,3612,NJ,TX
EWR,DTW,3674,NJ,MI
EWR,EGE,107,NJ,CO
EWR,FLL,3792,NJ,FL
EWR,GRR,589,NJ,MI
EWR,GSO,1376,NJ,NC
EWR,GSP,938,NJ,SC
EWR,HDN,15,NJ,CO
EWR,HNL,352,NJ,HI
EWR,IAD,977,NJ,VA
EWR,IAH,3978,NJ,TX
EWR,IND,1908,NJ,IN
EWR,JAX,1390,NJ,FL
EWR,LAS,2091,NJ,NV
EWR,LAX,2647,NJ,CA
EWR,LEX,138,NJ,KY
EWR,LIT,327,NJ,AR
EWR,MCI,1691,NJ,MO
EWR,MCO,4715,NJ,FL
EWR,MEM,942,NJ,TN
EWR,MHT,1072,NJ,NH
EWR,MIA,2813,NJ,FL
EWR,MKE,1938,NJ,WI
EWR,MSN,310,NJ,WI
EWR,MSP,2359,NJ,MN
EWR,MSY,936,NJ,LA
EWR,MTJ,20,NJ,CO
EWR,MYR,228,NJ,SC
EWR,OKC,347,NJ,OK
EWR,OMA,927,NJ,NE
EWR,ORD,7491,NJ,IL
EWR,ORF,379,NJ,VA
EWR,PBI,2436,NJ,FL
EWR,PDX,680,NJ,OR
EWR,PHL,6,NJ,PA
EWR,PHX,2475,NJ,AZ
EWR,PIT,326,NJ,PA
EWR,PVD,419,NJ,RI
EWR,PWM,15,NJ,ME
EWR,RDU,1112,NJ,NC
EWR,RIC,1661,NJ,VA
EWR,ROC,930,NJ,NY
EWR,RSW,1502,NJ,FL
EWR,SAN,1168,NJ,CA
EWR,SAT,695,NJ,TX
EWR,SAV,1015,NJ,GA
EWR,SDF,957,NJ,KY
EWR,SEA,2025,NJ,WA
EWR,SFO,2743,NJ,CA
EWR,SJU,1252,NJ,PR
EWR,SLC,640,NJ,UT
EWR,SNA,897,NJ,CA
EWR,STL,1588,NJ,MO
EWR,STT,225,NJ,VI
EWR,SYR,378,NJ,NY
EWR,TPA,2318,NJ,FL
EWR,TUL,325,NJ,OK
EWR,TYS,519,NJ,TN
EWR,XNA,519,NJ,AR
EYW,ATL,1091,FL,GA
EYW,MCO,9,FL,FL
FAI,ANC,2299,AK,AK
FAI,BRW,361,AK,AK
FAI,MSP,213,AK,MN
FAI,SCC,361,AK,AK
FAI,SEA,1001,AK,WA
FAR,DEN,1333,ND,CO
FAR,MSP,1446,ND,MN
FAR,ORD,1313,ND,IL
FAR,SLC,227,ND,UT
FAT,ABQ,1,CA,NM
FAT,DEN,1065,CA,CO
FAT,DFW,769,CA,TX
FAT,LAS,1854,CA,NV
FAT,LAX,4037,CA,CA
FAT,PHX,1433,CA,AZ
FAT,RDM,1,CA,OR
FAT,SFO,2369,CA,CA
FAT,SLC,790,CA,UT
FAY,ATL,2836,NC,GA
FAY,CLT,227,NC,NC
FCA,ATL,11,MT,GA
FCA,DEN,484,MT,CO
FCA,MSP,109,MT,MN
FCA,ORD,91,MT,IL
FCA,SLC,1466,MT,UT
FLG,PHX,1638,AZ,AZ
FLL,ABE,62,FL,PA
FLL,ALB,364,FL,NY
FLL,ATL,7931,FL,GA
FLL,AUS,726,FL,TX
FLL,BDL,280,FL,CT
FLL,BNA,723,FL,TN
FLL,BOS,1625,FL,MA
FLL,BUF,699,FL,NY
FLL,BWI,2946,FL,MD
FLL,CAK,33,FL,OH
FLL,CLE,540,FL,OH
FLL,CLT,3113,FL,NC
FLL,CMH,279,FL,OH
FLL,CVG,808,FL,KY
FLL,DCA,1248,FL,VA
FLL,DEN,790,FL,CO
FLL,DFW,1924,FL,TX
FLL,DTW,1530,FL,MI
FLL,EWR,3791,FL,NJ
FLL,FNT,33,FL,MI
FLL,GPT,5,FL,MS
FLL,HOU,728,FL,TX
FLL,HPN,996,FL,NY
FLL,IAD,838,FL,VA
FLL,IAH,1809,FL,TX
FLL,IND,386,FL,IN
FLL,ISP,1001,FL,NY
FLL,JAX,1664,FL,FL
FLL,JFK,4050,FL,NY
FLL,LAS,728,FL,NV
FLL,LAX,267,FL,CA
FLL,LGA,3152,FL,NY
FLL,LGB,358,FL,CA
FLL,MCI,364,FL,MO
FLL,MCO,1867,FL,FL
FLL,MDT,25,FL,PA
FLL,MDW,1448,FL,IL
FLL,MEM,428,FL,TN
FLL,MHT,128,FL,NH
FLL,MKE,155,FL,WI
FLL,MSP,498,FL,MN
FLL,MSY,622,FL,LA
FLL,ORD,703,FL,IL
FLL,PHF,4,FL,VA
FLL,PHL,2805,FL,PA
FLL,PHX,649,FL,AZ
FLL,PIT,413,FL,PA
FLL,PVD,664,FL,RI
FLL,RDU,729,FL,NC
FLL,RIC,350,FL,VA
FLL,SFO,45,FL,CA
FLL,SJU,1006,FL,PR
FLL,SLC,204,FL,UT
FLL,STL,373,FL,MO
FLL,SWF,364,FL,NY
FLL,SYR,5,FL,NY
FLL,TLH,174,FL,FL
FLL,TPA,2817,FL,FL
FLO,ATL,722,SC,GA
FNT,ATL,3197,MI,GA
FNT,DTW,1668,MI,MI
FNT,FLL,33,MI,FL
FNT,LGA,36,MI,NY
FNT,MCO,368,MI,FL
FNT,MKE,890,MI,WI
FNT,MSP,296,MI,MN
FNT,ORD,1032,MI,IL
FNT,RSW,177,MI,FL
FNT,TPA,209,MI,FL
FSD,ATL,179,SD,GA
FSD,CVG,194,SD,KY
FSD,DEN,1396,SD,CO
FSD,DTW,108,SD,MI
FSD,MSP,1535,SD,MN
FSD,ORD,1656,SD,IL
FSD,SLC,135,SD,UT
FSM,ATL,145,AR,GA
FSM,DFW,1694,AR,TX
FSM,MEM,578,AR,TN
FWA,ATL,722,IN,GA
FWA,CVG,152,IN,KY
FWA,DFW,728,IN,TX
FWA,DTW,1298,IN,MI
FWA,MSP,229,IN,MN
FWA,ORD,2163,IN,IL
GCC,DEN,707,WY,CO
GCC,RKS,356,WY,WY
GCC,SLC,367,WY,UT
GEG,BOI,1009,WA,ID
GEG,DEN,1492,WA,CO
GEG,LAS,740,WA,NV
GEG,MSP,788,WA,MN
GEG,OAK,547,WA,CA
GEG,ORD,50,WA,IL
GEG,PDX,1033,WA,OR
GEG,PHX,729,WA,AZ
GEG,SEA,3502,WA,WA
GEG,SFO,430,WA,CA
GEG,SLC,2264,WA,UT
GFK,MSP,1131,ND,MN
GGG,DFW,727,TX,TX
GJT,ASE,3,CO,CO
GJT,DEN,2538,CO,CO
GJT,DFW,866,CO,TX
GJT,PHX,989,CO,AZ
GJT,SLC,1035,CO,UT
GNV,ATL,2416,FL,GA
GPT,ATL,2436,MS,GA
GPT,DFW,1217,MS,TX
GPT,FLL,5,MS,FL
GPT,IAH,1674,MS,TX
GPT,JAX,91,MS,FL
GPT,MEM,1070,MS,TN
GPT,TPA,95,MS,FL
GRB,DTW,1410,WI,MI
GRB,MKE,566,WI,WI
GRB,MQT,156,WI,
GRB,MSP,836,WI,MN
GRB,ORD,3294,WI,IL
GRK,ATL,710,TX,GA
GRK,DFW,1228,TX,TX
GRR,ATL,1312,MI,GA
GRR,CLE,1138,MI,OH
GRR,CVG,454,MI,KY
GRR,DCA,300,MI,VA
GRR,DEN,72,MI,CO
GRR,DFW,866,MI,TX
GRR,DTW,2311,MI,MI
GRR,EWR,577,MI,NJ
GRR,FNT,1,MI,MI
GRR,IAH,711,MI,TX
GRR,LGA,221,MI,NY
GRR,MEM,345,MI,TN
GRR,MKE,936,MI,WI
GRR,MSP,1294,MI,MN
GRR,ORD,3435,MI,IL
GSO,ATL,3396,NC,GA
GSO,CLT,38,NC,NC
GSO,CVG,969,NC,KY
GSO,DFW,995,NC,TX
GSO,DTW,991,NC,MI
GSO,EWR,1378,NC,NJ
GSO,IAH,974,NC,TX
GSO,LGA,219,NC,NY
GSO,MEM,613,NC,TN
GSO,MIA,363,NC,FL
GSO,MSP,149,NC,MN
GSP,ATL,3198,SC,GA
GSP,CLE,433,SC,OH
GSP,CVG,421,SC,KY
GSP,DFW,1455,SC,TX
GSP,DTW,995,SC,MI
GSP,EWR,949,SC,NJ
GSP,IAD,462,SC,VA
GSP,IAH,853,SC,TX
GSP,LGA,250,SC,NY
GSP,MEM,428,SC,TN
GSP,ORD,724,SC,IL
GST,JNU,70,AK,AK
GTF,DEN,797,MT,CO
GTF,SLC,1026,MT,UT
GTR,ATL,771,MS,GA
GUC,ATL,15,CO,GA
GUC,DEN,966,CO,CO
GUC,DFW,112,CO,TX
GUC,ORD,14,CO,IL
GUC,SLC,93,CO,UT
HDN,ATL,98,CO,GA
HDN,DEN,1036,CO,CO
HDN,DFW,127,CO,TX
HDN,EWR,15,CO,NJ
HDN,IAH,111,CO,TX
HDN,LGA,15,CO,NY
HDN,MSP,97,CO,MN
HDN,ORD,126,CO,IL
HDN,SLC,101,CO,UT
HLN,DEN,702,MT,CO
HLN,GTF,1,MT,MT
HLN,MSO,1,MT,MT
HLN,MSP,182,MT,MN
HLN,SLC,1113,MT,UT
HNL,ANC,232,HI,AK
HNL,ATL,369,HI,GA
HNL,CLT,15,HI,NC
HNL,DEN,377,HI,CO
HNL,DFW,728,HI,TX
HNL,EWR,352,HI,NJ
HNL,IAH,687,HI,TX
HNL,ITO,7936,HI,HI
HNL,KOA,8931,HI,HI
HNL,LAS,892,HI,NV
HNL,LAX,4785,HI,CA
HNL,LIH,10131,HI,HI
HNL,MSP,310,HI,MN
HNL,OAK,364,HI,CA
HNL,OGG,12969,HI,HI
HNL,ORD,363,HI,IL
HNL,PDX,694,HI,OR
HNL,PHX,918,HI,AZ
HNL,SAN,364,HI,CA
HNL,SEA,1710,HI,WA
HNL,SFO,2287,HI,CA
HNL,SJC,338,HI,CA
HNL,SLC,349,HI,UT
HNL,SMF,364,HI,CA
HOU,ABQ,1031,TX,NM
HOU,ATL,4227,TX,GA
HOU,AUS,1959,TX,TX
HOU,BHM,697,TX,AL
HOU,BNA,1378,TX,TN
HOU,BWI,1058,TX,MD
HOU,CRP,1685,TX,TX
HOU,DAL,8913,TX,TX
HOU,DEN,1055,TX,CO
HOU,DFW,2531,TX,TX
HOU,ELP,1018,TX,TX
HOU,FLL,714,TX,FL
HOU,GRK,1,TX,TX
HOU,HRL,2662,TX,TX
HOU,JAN,1227,TX,MS
HOU,JAX,364,TX,FL
HOU,JFK,715,TX,NY
HOU,LAS,1438,TX,NV
HOU,LAX,1422,TX,CA
HOU,LIT,364,TX,AR
HOU,MAF,645,TX,TX
HOU,MCO,1577,TX,FL
HOU,MDW,1999,TX,IL
HOU,MSY,3371,TX,LA
HOU,OAK,708,TX,CA
HOU,OKC,1322,TX,OK
HOU,PHL,665,TX,PA
HOU,PHX,1420,TX,AZ
HOU,SAN,702,TX,CA
HOU,SAT,2024,TX,TX
HOU,STL,1295,TX,MO
HOU,TPA,1361,TX,FL
HOU,TUL,1284,TX,OK
HPN,ATL,2249,NY,GA
HPN,CVG,331,NY,KY
HPN,DTW,177,NY,MI
HPN,FLL,994,NY,FL
HPN,MCO,1809,NY,FL
HPN,ORD,2915,NY,IL
HPN,PBI,1393,NY,FL
HPN,RSW,425,NY,FL
HPN,TPA,364,NY,FL
HRL,AUS,364,TX,TX
HRL,DAL,9,TX,TX
HRL,HOU,2652,TX,TX
HRL,IAH,1201,TX,TX
HRL,SAT,646,TX,TX
HSV,ATL,3510,AL,GA
HSV,CLT,297,AL,NC
HSV,CVG,607,AL,KY
HSV,DCA,555,AL,VA
HSV,DEN,695,AL,CO
HSV,DFW,1030,AL,TX
HSV,DTW,679,AL,MI
HSV,IAD,712,AL,VA
HSV,IAH,955,AL,TX
HSV,MEM,1037,AL,TN
HSV,ORD,697,AL,IL
HTS,CVG,222,WV,KY
IAD,ABQ,364,VA,NM
IAD,ALB,214,VA,NY
IAD,ATL,5220,VA,GA
IAD,AUS,404,VA,TX
IAD,BDL,1004,VA,CT
IAD,BNA,246,VA,TN
IAD,BOS,3616,VA,MA
IAD,BTV,366,VA,VT
IAD,BUF,452,VA,NY
IAD,CAE,1717,VA,SC
IAD,CHS,152,VA,SC
IAD,CLE,974,VA,OH
IAD,CLT,2572,VA,NC
IAD,CVG,5,VA,KY
IAD,DAY,526,VA,OH
IAD,DEN,3041,VA,CO
IAD,DFW,2055,VA,TX
IAD,DTW,1439,VA,MI
IAD,EWR,975,VA,NJ
IAD,FLL,839,VA,FL
IAD,GSP,462,VA,SC
IAD,HSV,713,VA,AL
IAD,IAH,643,VA,TX
IAD,IND,255,VA,IN
IAD,JAX,408,VA,FL
IAD,JFK,2856,VA,NY
IAD,LAS,1343,VA,NV
IAD,LAX,3840,VA,CA
IAD,LGA,1332,VA,NY
IAD,LGB,676,VA,CA
IAD,MCI,185,VA,MO
IAD,MCO,3623,VA,FL
IAD,MDT,471,VA,PA
IAD,MDW,2043,VA,IL
IAD,MEM,146,VA,TN
IAD,MHT,461,VA,NH
IAD,MIA,716,VA,FL
IAD,MSP,210,VA,MN
IAD,MSY,275,VA,LA
IAD,OAK,529,VA,CA
IAD,OKC,187,VA,OK
IAD,ORD,2912,VA,IL
IAD,ORF,465,VA,VA
IAD,PBI,120,VA,FL
IAD,PDX,387,VA,OR
IAD,PHL,78,VA,PA
IAD,PHX,640,VA,AZ
IAD,PIT,540,VA,PA
IAD,PVD,353,VA,RI
IAD,PWM,481,VA,ME
IAD,RDU,1262,VA,NC
IAD,ROA,658,VA,VA
IAD,ROC,752,VA,NY
IAD,RSW,120,VA,FL
IAD,SAN,1162,VA,CA
IAD,SAT,189,VA,TX
IAD,SAV,490,VA,GA
IAD,SEA,1091,VA,WA
IAD,SFO,2987,VA,CA
IAD,SJU,551,VA,PR
IAD,SLC,360,VA,UT
IAD,SMF,364,VA,CA
IAD,STT,116,VA,VI
IAD,SYR,444,VA,NY
IAD,TPA,1753,VA,FL
IAD,TYS,531,VA,TN
IAH,ABQ,2209,TX,NM
IAH,AEX,799,TX,LA
IAH,AGS,1,TX,GA
IAH,AMA,1104,TX,TX
IAH,ANC,148,TX,AK
IAH,ATL,5154,TX,GA
IAH,AUS,3594,TX,TX
IAH,AVL,355,TX,NC
IAH,BHM,2260,TX,AL
IAH,BNA,2248,TX,TN
IAH,BOS,1784,TX,MA
IAH,BRO,1637,TX,TX
IAH,BTR,2371,TX,LA
IAH,BWI,1656,TX,MD
IAH,CAE,755,TX,SC
IAH,CHS,970,TX,SC
IAH,CLE,2133,TX,OH
IAH,CLT,4305,TX,NC
IAH,CMH,872,TX,OH
IAH,COS,1697,TX,CO
IAH,CRP,2298,TX,TX
IAH,CRW,460,TX,WV
IAH,CVG,2392,TX,KY
IAH,DAL,2848,TX,TX
IAH,DAY,716,TX,OH
IAH,DCA,2678,TX,VA
IAH,DEN,4453,TX,CO
IAH,DFW,5015,TX,TX
IAH,DSM,681,TX,IA
IAH,DTW,2483,TX,MI
IAH,EGE,115,TX,CO
IAH,ELP,1961,TX,TX
IAH,EWR,3892,TX,NJ
IAH,FLL,1805,TX,FL
IAH,GPT,1673,TX,MS
IAH,GRR,711,TX,MI
IAH,GSO,976,TX,NC
IAH,GSP,863,TX,SC
IAH,HDN,111,TX,CO
IAH,HNL,688,TX,HI
IAH,HRL,1203,TX,TX
IAH,HSV,955,TX,AL
IAH,IAD,654,TX,VA
IAH,ICT,1515,TX,KS
IAH,IND,1902,TX,IN
IAH,JAN,1655,TX,MS
IAH,JAX,1928,TX,FL
IAH,JFK,467,TX,NY
IAH,LAS,2563,TX,NV
IAH,LAX,3587,TX,CA
IAH,LBB,1075,TX,TX
IAH,LCH,765,TX,LA
IAH,LEX,639,TX,KY
IAH,LFT,2569,TX,LA
IAH,LGA,2945,TX,NY
IAH,LIT,1413,TX,AR
IAH,LRD,1147,TX,TX
IAH,MAF,1853,TX,TX
IAH,MCI,3055,TX,MO
IAH,MCO,2303,TX,FL
IAH,MEM,2800,TX,TN
IAH,MFE,2529,TX,TX
IAH,MIA,2466,TX,FL
IAH,MKE,1612,TX,WI
IAH,MLU,348,TX,LA
IAH,MOB,1647,TX,AL
IAH,MSP,2358,TX,MN
IAH,MSY,3983,TX,LA
IAH,MTJ,273,TX,CO
IAH,OKC,2763,TX,OK
IAH,OMA,2063,TX,NE
IAH,ONT,1046,TX,CA
IAH,ORD,5201,TX,IL
IAH,ORF,731,TX,VA
IAH,PBI,1317,TX,FL
IAH,PDX,1289,TX,OR
IAH,PHL,1689,TX,PA
IAH,PHX,3731,TX,AZ
IAH,PIT,1678,TX,PA
IAH,PNS,1580,TX,FL
IAH,RDU,1761,TX,NC
IAH,RIC,945,TX,VA
IAH,RSW,1001,TX,FL
IAH,SAN,2353,TX,CA
IAH,SAT,3654,TX,TX
IAH,SAV,883,TX,GA
IAH,SDF,390,TX,KY
IAH,SEA,2402,TX,WA
IAH,SFO,2645,TX,CA
IAH,SHV,760,TX,LA
IAH,SJC,986,TX,CA
IAH,SJU,733,TX,PR
IAH,SLC,2483,TX,UT
IAH,SMF,1079,TX,CA
IAH,SNA,1654,TX,CA
IAH,STL,917,TX,MO
IAH,TPA,1791,TX,FL
IAH,TUL,2667,TX,OK
IAH,TUS,1562,TX,AZ
IAH,TYS,1240,TX,TN
IAH,VPS,786,TX,FL
IAH,XNA,1237,TX,AR
ICT,ATL,3046,KS,GA
ICT,DEN,1619,KS,CO
ICT,DFW,1467,KS,TX
ICT,DTW,158,KS,MI
ICT,IAH,1514,KS,TX
ICT,MEM,1054,KS,TN
ICT,MSP,688,KS,MN
ICT,ORD,3125,KS,IL
ICT,PHX,595,KS,AZ
IDA,DEN,930,ID,CO
IDA,MSP,95,ID,MN
IDA,SLC,1900,ID,UT
ILM,ATL,2457,NC,GA
ILM,CLT,1024,NC,NC
IND,ATL,3507,IN,GA
IND,AUS,4,IN,TX
IND,BDL,82,IN,CT
IND,BOS,1167,IN,MA
IND,BWI,1110,IN,MD
IND,CLE,638,IN,OH
IND,CLT,937,IN,NC
IND,CVG,319,IN,KY
IND,DCA,1268,IN,VA
IND,DEN,2025,IN,CO
IND,DFW,1765,IN,TX
IND,DTW,1859,IN,MI
IND,EWR,1890,IN,NJ
IND,FLL,385,IN,FL
IND,IAD,220,IN,VA
IND,IAH,1548,IN,TX
IND,JAX,227,IN,FL
IND,JFK,390,IN,NY
IND,LAS,1223,IN,NV
IND,LAX,243,IN,CA
IND,LGA,1697,IN,NY
IND,MCI,660,IN,MO
IND,MCO,1750,IN,FL
IND,MDW,1328,IN,IL
IND,MEM,1056,IN,TN
IND,MIA,304,IN,FL
IND,MKE,580,IN,WI
IND,MSP,1548,IN,MN
IND,ORD,3676,IN,IL
IND,PHL,10,IN,PA
IND,PHX,1306,IN,AZ
IND,RDU,629,IN,NC
IND,RSW,999,IN,FL
IND,SAT,4,IN,TX
IND,SFO,1,IN,CA
IND,SLC,208,IN,UT
IND,SRQ,163,IN,FL
IND,STL,323,IN,MO
IND,TPA,1152,IN,FL
IPL,LAX,572,CA,CA
IPL,YUM,117,CA,AZ
ISP,BWI,2154,NY,MD
ISP,FLL,999,NY,FL
ISP,LAS,364,NY,NV
ISP,MCO,1889,NY,FL
ISP,MDW,1395,NY,IL
ISP,PBI,988,NY,FL
ISP,RSW,128,NY,FL
ISP,TPA,952,NY,FL
ITH,DTW,404,NY,MI
ITO,HNL,7634,HI,HI
ITO,KOA,303,HI,HI
ITO,OGG,364,HI,HI
IYK,LAX,946,CA,CA
JAC,ATL,138,WY,GA
JAC,DEN,1266,WY,CO
JAC,DFW,262,WY,TX
JAC,LAX,10,WY,CA
JAC,MSP,98,WY,MN
JAC,ORD,384,WY,IL
JAC,SLC,1533,WY,UT
JAN,ATL,3084,MS,GA
JAN,BWI,664,MS,MD
JAN,DCA,307,MS,VA
JAN,DFW,3011,MS,TX
JAN,DTW,496,MS,MI
JAN,HOU,1219,MS,TX
JAN,IAH,1656,MS,TX
JAN,MCO,364,MS,FL
JAN,MDW,661,MS,IL
JAN,MEM,1068,MS,TN
JAX,ATL,5613,FL,GA
JAX,BHM,364,FL,AL
JAX,BNA,1258,FL,TN
JAX,BOS,348,FL,MA
JAX,BWI,1056,FL,MD
JAX,CLE,240,FL,OH
JAX,CLT,2369,FL,NC
JAX,CVG,564,FL,KY
JAX,DCA,656,FL,VA
JAX,DFW,1255,FL,TX
JAX,DTW,695,FL,MI
JAX,EWR,1384,FL,NJ
JAX,FLL,1672,FL,FL
JAX,GPT,91,FL,MS
JAX,HOU,364,FL,TX
JAX,IAD,706,FL,VA
JAX,IAH,1934,FL,TX
JAX,IND,227,FL,IN
JAX,JFK,1021,FL,NY
JAX,LAS,364,FL,NV
JAX,LGA,1173,FL,NY
JAX,MEM,824,FL,TN
JAX,MIA,416,FL,FL
JAX,MSP,48,FL,MN
JAX,ORD,842,FL,IL
JAX,ORF,699,FL,VA
JAX,PHL,1615,FL,PA
JAX,PIR,2,FL,SD
JAX,STL,41,FL,MO
JAX,TPA,969,FL,FL
JFK,ACK,342,NY,MA
JFK,ALB,478,NY,NY
JFK,ATL,2390,NY,GA
JFK,AUS,896,NY,TX
JFK,BDL,494,NY,CT
JFK,BGR,925,NY,ME
JFK,BNA,835,NY,TN
JFK,BOS,8010,NY,MA
JFK,BQN,687,NY,PR
JFK,BTV,2372,NY,VT
JFK,BUF,4291,NY,NY
JFK,BUR,1124,NY,CA
JFK,BWI,1223,NY,MD
JFK,CLE,1383,NY,OH
JFK,CLT,2367,NY,NC
JFK,CMH,124,NY,OH
JFK,CVG,1266,NY,KY
JFK,DCA,4526,NY,VA
JFK,DEN,1042,NY,CO
JFK,DFW,728,NY,TX
JFK,DTW,1519,NY,MI
JFK,EGE,110,NY,CO
JFK,FLL,4058,NY,FL
JFK,HOU,716,NY,TX
JFK,IAD,2854,NY,VA
JFK,IAH,465,NY,TX
JFK,IND,411,NY,IN
JFK,JAX,1020,NY,FL
JFK,LAS,3639,NY,NV
JFK,LAX,8218,NY,CA
JFK,LGA,1,NY,NY
JFK,LGB,1088,NY,CA
JFK,MCI,274,NY,MO
JFK,MCO,5006,NY,FL
JFK,MIA,3148,NY,FL
JFK,MKE,244,NY,WI
JFK,MSP,1394,NY,MN
JFK,MSY,983,NY,LA
JFK,OAK,1036,NY,CA
JFK,ORD,3294,NY,IL
JFK,ORF,813,NY,VA
JFK,PBI,2097,NY,FL
JFK,PDX,575,NY,OR
JFK,PHL,557,NY,PA
JFK,PHX,2066,NY,AZ
JFK,PIT,2533,NY,PA
JFK,PSE,345,NY,PR
JFK,PVD,90,NY,RI
JFK,PWM,2356,NY,ME
JFK,RDU,4425,NY,NC
JFK,RIC,1912,NY,VA
JFK,ROC,2697,NY,NY
JFK,RSW,1619,NY,FL
JFK,SAN,1732,NY,CA
JFK,SEA,1861,NY,WA
JFK,SFO,6212,NY,CA
JFK,SJC,363,NY,CA
JFK,SJU,3496,NY,PR
JFK,SLC,1811,NY,UT
JFK,SMF,214,NY,CA
JFK,SRQ,683,NY,FL
JFK,STL,553,NY,MO
JFK,STT,429,NY,VI
JFK,SYR,2281,NY,NY
JFK,TPA,2873,NY,FL
JNU,ANC,1124,AK,AK
JNU,GST,70,AK,AK
JNU,KTN,361,AK,AK
JNU,PSG,331,AK,AK
JNU,SEA,1092,AK,WA
JNU,SIT,883,AK,AK
JNU,WRG,30,AK,AK
JNU,YAK,359,AK,AK
KOA,DEN,43,HI,CO
KOA,HNL,9233,HI,HI
KOA,ITO,1,HI,HI
KOA,LAX,1173,HI,CA
KOA,OAK,23,HI,CA
KOA,OGG,728,HI,HI
KOA,ORD,127,HI,IL
KOA,PHX,336,HI,AZ
KOA,SEA,459,HI,WA
KOA,SFO,668,HI,CA
KTN,JNU,361,AK,AK
KTN,SEA,1289,AK,WA
KTN,SIT,363,AK,AK
KTN,WRG,361,AK,AK
LAN,DTW,1551,MI,MI
LAN,MSP,16,MI,MN
LAN,ORD,1297,MI,IL
LAS,ABQ,2037,NV,NM
LAS,ALB,364,NV,NY
LAS,AMA,364,NV,TX
LAS,ANC,4,NV,AK
LAS,ATL,4280,NV,GA
LAS,AUS,1103,NV,TX
LAS,BDL,363,NV,CT
LAS,BHM,364,NV,AL
LAS,BLI,100,NV,WA
LAS,BMI,1,NV,IL
LAS,BNA,1026,NV,TN
LAS,BOI,727,NV,ID
LAS,BOS,1049,NV,MA
LAS,BUF,664,NV,NY
LAS,BUR,4800,NV,CA
LAS,BWI,1212,NV,MD
LAS,CLE,1439,NV,OH
LAS,CLT,1778,NV,NC
LAS,CMH,797,NV,OH
LAS,CVG,679,NV,KY
LAS,DCA,363,NV,VA
LAS,DEN,8165,NV,CO
LAS,DFW,4848,NV,TX
LAS,DTW,1975,NV,MI
LAS,ELP,1082,NV,TX
LAS,EWR,2092,NV,NJ
LAS,FAT,1854,NV,CA
LAS,FLL,728,NV,FL
LAS,GEG,739,NV,WA
LAS,HNL,892,NV,HI
LAS,HOU,1434,NV,TX
LAS,IAD,1339,NV,VA
LAS,IAH,2563,NV,TX
LAS,IND,1221,NV,IN
LAS,ISP,364,NV,NY
LAS,JAX,364,NV,FL
LAS,JFK,3637,NV,NY
LAS,LAX,10662,NV,CA
LAS,LBB,364,NV,TX
LAS,LGB,807,NV,CA
LAS,LIT,364,NV,AR
LAS,MAF,364,NV,TX
LAS,MCI,1576,NV,MO
LAS,MCO,885,NV,FL
LAS,MDW,3208,NV,IL
LAS,MEM,485,NV,TN
LAS,MHT,364,NV,NH
LAS,MIA,770,NV,FL
LAS,MKE,988,NV,WI
LAS,MSP,2397,NV,MN
LAS,MSY,725,NV,LA
LAS,OAK,3497,NV,CA
LAS,OKC,365,NV,OK
LAS,OMA,971,NV,NE
LAS,ONT,3008,NV,CA
LAS,ORD,4666,NV,IL
LAS,ORF,228,NV,VA
LAS,PDX,2514,NV,OR
LAS,PHL,2488,NV,PA
LAS,PHX,8500,NV,AZ
LAS,PIT,1272,NV,PA
LAS,PSP,1054,NV,CA
LAS,PVD,364,NV,RI
LAS,RDU,600,NV,NC
LAS,RNO,3955,NV,NV
LAS,SAN,5458,NV,CA
LAS,SAT,1439,NV,TX
LAS,SBA,138,NV,CA
LAS,SDF,364,NV,KY
LAS,SEA,4248,NV,WA
LAS,SFO,6863,NV,CA
LAS,SJC,3707,NV,CA
LAS,SLC,5392,NV,UT
LAS,SMF,3469,NV,CA
LAS,SNA,4190,NV,CA
LAS,STL,1681,NV,MO
LAS,TPA,670,NV,FL
LAS,TUL,366,NV,OK
LAS,TUS,1756,NV,AZ
LAW,ATL,141,OK,GA
LAW,DFW,182,OK,TX
LAX,ABQ,2378,CA,NM
LAX,ANC,174,CA,AK
LAX,ASE,410,CA,CO
LAX,ATL,4955,CA,GA
LAX,AUS,1745,CA,TX
LAX,BFL,978,CA,CA
LAX,BNA,1179,CA,TN
LAX,BOI,646,CA,ID
LAX,BOS,2266,CA,MA
LAX,BWI,978,CA,MD
LAX,BZN,13,CA,MT
LAX,CLD,2182,CA,
LAX,CLE,989,CA,OH
LAX,CLT,1430,CA,NC
LAX,CMH,2,CA,OH
LAX,COS,953,CA,CO
LAX,CVG,872,CA,KY
LAX,DCA,364,CA,VA
LAX,DEN,8139,CA,CO
LAX,DFW,6368,CA,TX
LAX,DTW,1913,CA,MI
LAX,EGE,111,CA,CO
LAX,ELP,1088,CA,TX
LAX,EWR,2658,CA,NJ
LAX,FAT,4099,CA,CA
LAX,FLL,269,CA,FL
LAX,HNL,4782,CA,HI
LAX,HOU,1425,CA,TX
LAX,IAD,3693,CA,VA
LAX,IAH,3578,CA,TX
LAX,IND,243,CA,IN
LAX,IPL,572,CA,CA
LAX,IYK,947,CA,CA
LAX,JAC,10,CA,WY
LAX,JFK,8210,CA,NY
LAX,KOA,1173,CA,HI
LAX,LAS,10683,CA,NV
LAX,LIH,1169,CA,HI
LAX,MCI,1051,CA,MO
LAX,MCO,1653,CA,FL
LAX,MDW,2068,CA,IL
LAX,MEM,850,CA,TN
LAX,MIA,2463,CA,FL
LAX,MKE,718,CA,WI
LAX,MRY,2645,CA,CA
LAX,MSP,2340,CA,MN
LAX,MSY,881,CA,LA
LAX,MTJ,30,CA,CO
LAX,OAK,5415,CA,CA
LAX,OGG,2115,CA,HI
LAX,OKC,321,CA,OK
LAX,ORD,7229,CA,IL
LAX,OXR,1171,CA,CA
LAX,PDX,2877,CA,OR
LAX,PHL,2170,CA,PA
LAX,PHX,8235,CA,AZ
LAX,PIT,340,CA,PA
LAX,PSP,2474,CA,CA
LAX,RNO,1183,CA,NV
LAX,ROW,74,CA,NM
LAX,SAF,43,CA,NM
LAX,SAN,11017,CA,CA
LAX,SAT,1670,CA,TX
LAX,SBA,4528,CA,CA
LAX,SBP,1385,CA,CA
LAX,SEA,5054,CA,WA
LAX,SFO,12127,CA,CA
LAX,SGU,479,CA,UT
LAX,SJC,7125,CA,CA
LAX,SJU,200,CA,PR
LAX,SLC,5057,CA,UT
LAX,SMF,4465,CA,CA
LAX,SMX,1374,CA,CA
LAX,STL,1408,CA,MO
LAX,TPA,322,CA,FL
LAX,TUL,182,CA,OK
LAX,TUS,3297,CA,AZ
LAX,XNA,95,CA,AR
LAX,YUM,1104,CA,AZ
LBB,ABQ,365,TX,NM
LBB,AUS,653,TX,TX
LBB,DAL,2427,TX,TX
LBB,DFW,2556,TX,TX
LBB,ELP,58,TX,TX
LBB,IAH,1074,TX,TX
LBB,LAS,364,TX,NV
LBB,MEM,505,TX,TN
LCH,DFW,404,LA,TX
LCH,IAH,764,LA,TX
LEX,ATL,2610,KY,GA
LEX,CVG,678,KY,KY
LEX,DCA,305,KY,VA
LEX,DFW,1186,KY,TX
LEX,DTW,1076,KY,MI
LEX,EWR,138,KY,NJ
LEX,FAR,1,KY,ND
LEX,FSD,1,KY,SD
LEX,IAH,639,KY,TX
LEX,LGA,280,KY,NY
LEX,MEM,293,KY,TN
LEX,ORD,1187,KY,IL
LFT,ATL,1019,LA,GA
LFT,DFW,1400,LA,TX
LFT,IAH,2567,LA,TX
LFT,MEM,145,LA,TN
LGA,ATL,8660,NY,GA
LGA,AVL,110,NY,NC
LGA,BHM,711,NY,AL
LGA,BNA,1141,NY,TN
LGA,BOS,10870,NY,MA
LGA,BWI,558,NY,MD
LGA,CAE,315,NY,SC
LGA,CAK,712,NY,OH
LGA,CHS,1159,NY,SC
LGA,CID,4,NY,IA
LGA,CLE,2413,NY,OH
LGA,CLT,2834,NY,NC
LGA,CMH,2076,NY,OH
LGA,CRW,229,NY,WV
LGA,CVG,2005,NY,KY
LGA,DCA,5123,NY,VA
LGA,DEN,2252,NY,CO
LGA,DFW,5289,NY,TX
LGA,DSM,467,NY,IA
LGA,DTW,4237,NY,MI
LGA,EGE,16,NY,CO
LGA,FLL,3153,NY,FL
LGA,FNT,35,NY,MI
LGA,GRR,222,NY,MI
LGA,GSO,219,NY,NC
LGA,GSP,250,NY,SC
LGA,HDN,15,NY,CO
LGA,IAD,1384,NY,VA
LGA,IAH,2958,NY,TX
LGA,IND,1697,NY,IN
LGA,JAX,1174,NY,FL
LGA,JFK,1,NY,NY
LGA,LEX,279,NY,KY
LGA,MBS,46,NY,MI
LGA,MCI,604,NY,MO
LGA,MCO,2443,NY,FL
LGA,MDW,864,NY,IL
LGA,MEM,1004,NY,TN
LGA,MIA,3453,NY,FL
LGA,MKE,989,NY,WI
LGA,MSN,371,NY,WI
LGA,MSP,2524,NY,MN
LGA,MSY,582,NY,LA
LGA,MYR,153,NY,SC
LGA,OMA,144,NY,NE
LGA,ORD,10499,NY,IL
LGA,PBI,1867,NY,FL
LGA,PHF,714,NY,VA
LGA,PHL,33,NY,PA
LGA,PIT,625,NY,PA
LGA,RDU,5316,NY,NC
LGA,RIC,328,NY,VA
LGA,RSW,263,NY,FL
LGA,SAV,922,NY,GA
LGA,STL,1340,NY,MO
LGA,STT,10,NY,VI
LGA,TPA,1292,NY,FL
LGA,TVC,101,NY,MI
LGA,TYS,523,NY,TN
LGA,XNA,756,NY,AR
LGB,AUS,364,CA,TX
LGB,BOS,665,CA,MA
LGB,FLL,358,CA,FL
LGB,IAD,676,CA,VA
LGB,JFK,1087,CA,NY
LGB,LAS,808,CA,NV
LGB,OAK,1089,CA,CA
LGB,ORD,365,CA,IL
LGB,PDX,1027,CA,OR
LGB,PHX,1446,CA,AZ
LGB,SEA,1429,CA,WA
LGB,SFO,1070,CA,CA
LGB,SJC,959,CA,CA
LGB,SLC,2464,CA,UT
LGB,SMF,722,CA,CA
LIH,DEN,43,HI,CO
LIH,HNL,9766,HI,HI
LIH,LAX,1169,HI,CA
LIH,OGG,364,HI,HI
LIH,PHX,313,HI,AZ
LIH,SEA,364,HI,WA
LIH,SFO,439,HI,CA
LIT,ATL,3126,AR,GA
LIT,BWI,364,AR,MD
LIT,CLT,1,AR,NC
LIT,DAL,2292,AR,TX
LIT,DEN,1109,AR,CO
LIT,DFW,3446,AR,TX
LIT,DTW,344,AR,MI
LIT,EWR,322,AR,NJ
LIT,HOU,364,AR,TX
LIT,IAH,1418,AR,TX
LIT,LAS,364,AR,NV
LIT,MDW,365,AR,IL
LIT,MEM,981,AR,TN
LIT,ORD,2062,AR,IL
LIT,PHX,137,AR,AZ
LIT,STL,664,AR,MO
LMT,PDX,726,OR,OR
LMT,SFO,726,OR,CA
LNK,ATL,89,NE,GA
LNK,BNA,1,NE,TN
LNK,DEN,1036,NE,CO
LNK,DTW,4,NE,MI
LNK,MSP,169,NE,MN
LNK,ORD,1390,NE,IL
LNK,SDF,1,NE,KY
LNK,SLC,75,NE,UT
LRD,DFW,1403,TX,TX
LRD,IAH,1146,TX,TX
LSE,DTW,191,WI,MI
LSE,MSP,477,WI,MN
LSE,ORD,1645,WI,IL
LWB,ATL,57,WV,GA
LWB,CRW,1,WV,WV
LWS,GEG,1,ID,WA
LWS,SLC,605,ID,UT
LYH,ATL,872,VA,GA
MAF,ABQ,363,TX,NM
MAF,AUS,119,TX,TX
MAF,DAL,1953,TX,TX
MAF,DEN,29,TX,CO
MAF,DFW,1195,TX,TX
MAF,HOU,648,TX,TX
MAF,IAH,1852,TX,TX
MAF,LAS,364,TX,NV
MBS,DTW,1917,MI,MI
MBS,LGA,45,MI,NY
MBS,MSP,278,MI,MN
MBS,ORD,1204,MI,IL
MCI,ABQ,617,MO,NM
MCI,ATL,4263,MO,GA
MCI,BNA,1182,MO,TN
MCI,BWI,981,MO,MD
MCI,CLE,1210,MO,OH
MCI,CLT,800,MO,NC
MCI,CVG,573,MO,KY
MCI,DAL,2695,MO,TX
MCI,DEN,5431,MO,CO
MCI,DFW,2844,MO,TX
MCI,DTW,1388,MO,MI
MCI,EWR,1699,MO,NJ
MCI,FLL,364,MO,FL
MCI,IAD,88,MO,VA
MCI,IAH,3029,MO,TX
MCI,IND,672,MO,IN
MCI,JFK,274,MO,NY
MCI,LAS,1575,MO,NV
MCI,LAX,1054,MO,CA
MCI,LGA,604,MO,NY
MCI,MCO,1201,MO,FL
MCI,MDW,3461,MO,IL
MCI,MEM,730,MO,TN
MCI,MKE,174,MO,WI
MCI,MSP,1700,MO,MN
MCI,OAK,456,MO,CA
MCI,OKC,778,MO,OK
MCI,OMA,1,MO,NE
MCI,ORD,3582,MO,IL
MCI,PDX,364,MO,OR
MCI,PHX,2025,MO,AZ
MCI,SAN,610,MO,CA
MCI,SEA,363,MO,WA
MCI,SFO,61,MO,CA
MCI,SLC,1082,MO,UT
MCI,STL,1639,MO,MO
MCI,TPA,711,MO,FL
MCI,TUL,122,MO,OK
MCO,ABE,125,FL,PA
MCO,ABQ,590,FL,NM
MCO,ACY,117,FL,NJ
MCO,ALB,927,FL,NY
MCO,ATL,9512,FL,GA
MCO,AUS,891,FL,TX
MCO,AVL,87,FL,NC
MCO,BDL,1695,FL,CT
MCO,BHM,743,FL,AL
MCO,BKG,2,FL,
MCO,BMI,176,FL,IL
MCO,BNA,1665,FL,TN
MCO,BOS,3045,FL,MA
MCO,BQN,473,FL,PR
MCO,BTV,322,FL,VT
MCO,BUF,1788,FL,NY
MCO,BWI,4782,FL,MD
MCO,CAK,370,FL,OH
MCO,CLE,1381,FL,OH
MCO,CLT,3187,FL,NC
MCO,CMH,1378,FL,OH
MCO,CRW,81,FL,WV
MCO,CVG,1340,FL,KY
MCO,DAY,435,FL,OH
MCO,DCA,2103,FL,VA
MCO,DEN,2949,FL,CO
MCO,DFW,3967,FL,TX
MCO,DTW,3150,FL,MI
MCO,EWR,4717,FL,NJ
MCO,EYW,9,FL,FL
MCO,FLL,1872,FL,FL
MCO,FNT,368,FL,MI
MCO,HOU,1584,FL,TX
MCO,HPN,1809,FL,NY
MCO,IAD,3628,FL,VA
MCO,IAH,2315,FL,TX
MCO,IND,1751,FL,IN
MCO,ISP,1890,FL,NY
MCO,JAN,364,FL,MS
MCO,JFK,5001,FL,NY
MCO,LAS,885,FL,NV
MCO,LAX,1655,FL,CA
MCO,LGA,2443,FL,NY
MCO,MCI,1194,FL,MO
MCO,MDT,364,FL,PA
MCO,MDW,3329,FL,IL
MCO,MEM,1095,FL,TN
MCO,MHT,1196,FL,NH
MCO,MIA,2302,FL,FL
MCO,MKE,1386,FL,WI
MCO,MLI,173,FL,IL
MCO,MSP,1776,FL,MN
MCO,MSY,1463,FL,LA
MCO,ORD,3745,FL,IL
MCO,ORF,752,FL,VA
MCO,PHF,331,FL,VA
MCO,PHL,6437,FL,PA
MCO,PHX,1015,FL,AZ
MCO,PIT,1800,FL,PA
MCO,PSE,352,FL,PR
MCO,PVD,1847,FL,RI
MCO,PWM,376,FL,ME
MCO,RDU,1243,FL,NC
MCO,RIC,692,FL,VA
MCO,ROC,755,FL,NY
MCO,RSW,1383,FL,FL
MCO,SAT,608,FL,TX
MCO,SDF,373,FL,KY
MCO,SEA,727,FL,WA
MCO,SFO,364,FL,CA
MCO,SJU,2627,FL,PR
MCO,SLC,694,FL,UT
MCO,STL,2085,FL,MO
MCO,SWF,364,FL,NY
MCO,SYR,408,FL,NY
MCO,TYS,116,FL,TN
MDT,ABE,1,PA,PA
MDT,ATL,1667,PA,GA
MDT,CLT,1217,PA,NC
MDT,CVG,657,PA,KY
MDT,DTW,859,PA,MI
MDT,FLL,25,PA,FL
MDT,IAD,472,PA,VA
MDT,MCO,364,PA,FL
MDT,MSP,162,PA,MN
MDT,ORD,1235,PA,IL
MDW,ABQ,721,IL,NM
MDW,ALB,713,IL,NY
MDW,ATL,4073,IL,GA
MDW,AUS,669,IL,TX
MDW,BDL,940,IL,CT
MDW,BHM,714,IL,AL
MDW,BNA,2519,IL,TN
MDW,BOS,898,IL,MA
MDW,BUF,1376,IL,NY
MDW,BWI,2405,IL,MD
MDW,CLE,2337,IL,OH
MDW,CMH,2335,IL,OH
MDW,DEN,4608,IL,CO
MDW,DTW,3161,IL,MI
MDW,FLL,1432,IL,FL
MDW,HOU,2008,IL,TX
MDW,IAD,2025,IL,VA
MDW,IND,1319,IL,IN
MDW,ISP,1382,IL,NY
MDW,JAN,664,IL,MS
MDW,LAS,3199,IL,NV
MDW,LAX,2077,IL,CA
MDW,LGA,864,IL,NY
MDW,LIT,365,IL,AR
MDW,MCI,3487,IL,MO
MDW,MCO,3330,IL,FL
MDW,MHT,1229,IL,NH
MDW,MSP,4030,IL,MN
MDW,MSY,364,IL,LA
MDW,OAK,1083,IL,CA
MDW,OMA,1966,IL,NE
MDW,ORF,731,IL,VA
MDW,PDX,537,IL,OR
MDW,PHL,2385,IL,PA
MDW,PHX,2536,IL,AZ
MDW,PIT,1965,IL,PA
MDW,PVD,1217,IL,RI
MDW,RDU,1151,IL,NC
MDW,RNO,364,IL,NV
MDW,RSW,1164,IL,FL
MDW,SAN,1370,IL,CA
MDW,SAT,687,IL,TX
MDW,SDF,1671,IL,KY
MDW,SEA,1067,IL,WA
MDW,SFO,1041,IL,CA
MDW,SJC,462,IL,CA
MDW,SLC,862,IL,UT
MDW,SMF,364,IL,CA
MDW,SRQ,592,IL,FL
MDW,STL,3372,IL,MO
MDW,TPA,1662,IL,FL
MDW,TUS,554,IL,AZ
MEI,ATL,672,MS,GA
MEM,AEX,116,TN,LA
MEM,ATL,4890,TN,GA
MEM,AUS,576,TN,TX
MEM,BHM,888,TN,AL
MEM,BNA,950,TN,TN
MEM,BOS,120,TN,MA
MEM,BTR,992,TN,LA
MEM,BWI,518,TN,MD
MEM,CAE,382,TN,SC
MEM,CHA,456,TN,TN
MEM,CHS,510,TN,SC
MEM,CLE,924,TN,OH
MEM,CLT,2120,TN,NC
MEM,CMH,1014,TN,OH
MEM,CVG,514,TN,KY
MEM,DAL,529,TN,TX
MEM,DCA,1019,TN,VA
MEM,DEN,827,TN,CO
MEM,DFW,2052,TN,TX
MEM,DSM,738,TN,IA
MEM,DTW,1739,TN,MI
MEM,EVV,502,TN,IN
MEM,EWR,938,TN,NJ
MEM,FLL,428,TN,FL
MEM,FSM,577,TN,AR
MEM,GPT,1069,TN,MS
MEM,GRR,345,TN,MI
MEM,GSO,610,TN,NC
MEM,GSP,428,TN,SC
MEM,HSV,1035,TN,AL
MEM,IAD,144,TN,VA
MEM,IAH,2812,TN,TX
MEM,ICT,1054,TN,KS
MEM,IND,986,TN,IN
MEM,JAN,1069,TN,MS
MEM,JAX,827,TN,FL
MEM,LAS,488,TN,NV
MEM,LAX,1022,TN,CA
MEM,LBB,506,TN,TX
MEM,LEX,293,TN,KY
MEM,LFT,146,TN,LA
MEM,LGA,1004,TN,NY
MEM,LIT,980,TN,AR
MEM,MCI,805,TN,MO
MEM,MCO,1093,TN,FL
MEM,MFE,575,TN,TX
MEM,MGM,1038,TN,AL
MEM,MIA,812,TN,FL
MEM,MKE,793,TN,WI
MEM,MLI,500,TN,IL
MEM,MOB,1060,TN,AL
MEM,MSN,360,TN,WI
MEM,MSP,2129,TN,MN
MEM,MSY,1068,TN,LA
MEM,OKC,985,TN,OK
MEM,OMA,1056,TN,NE
MEM,ORD,3221,TN,IL
MEM,ORF,3,TN,VA
MEM,PBI,15,TN,FL
MEM,PFN,1067,TN,FL
MEM,PHL,873,TN,PA
MEM,PHX,727,TN,AZ
MEM,PIT,993,TN,PA
MEM,PNS,1089,TN,FL
MEM,RDU,1051,TN,NC
MEM,RIC,3,TN,VA
MEM,RSW,58,TN,FL
MEM,SAN,156,TN,CA
MEM,SAT,699,TN,TX
MEM,SAV,60,TN,GA
MEM,SDF,769,TN,KY
MEM,SEA,316,TN,WA
MEM,SFO,238,TN,CA
MEM,SGF,1046,TN,MO
MEM,SHV,1080,TN,LA
MEM,SJU,26,TN,PR
MEM,SLC,348,TN,UT
MEM,SRQ,50,TN,FL
MEM,STL,1003,TN,MO
MEM,TLH,872,TN,FL
MEM,TPA,769,TN,FL
MEM,TUL,1062,TN,OK
MEM,TYS,1082,TN,TN
MEM,VPS,575,TN,FL
MEM,XNA,1051,TN,AR
MFE,DFW,1424,TX,TX
MFE,IAH,2530,TX,TX
MFE,MEM,575,TX,TN
MFR,ACV,2,OR,CA
MFR,DEN,453,OR,CO
MFR,EUG,1,OR,OR
MFR,MSN,1,OR,WI
MFR,PDX,1165,OR,OR
MFR,SFO,2038,OR,CA
MFR,SLC,698,OR,UT
MGM,ATL,2699,AL,GA
MGM,DFW,405,AL,TX
MGM,MEM,1038,AL,TN
MHK,DFW,254,KS,TX
MHT,ATL,364,NH,GA
MHT,BWI,3276,NH,MD
MHT,CLE,1152,NH,OH
MHT,CLT,386,NH,NC
MHT,CVG,8,NH,KY
MHT,DTW,835,NH,MI
MHT,EWR,1072,NH,NJ
MHT,FLL,128,NH,FL
MHT,IAD,459,NH,VA
MHT,LAS,363,NH,NV
MHT,MCO,1200,NH,FL
MHT,MDW,1230,NH,IL
MHT,ORD,983,NH,IL
MHT,PHL,2273,NH,PA
MHT,PHX,364,NH,AZ
MHT,TPA,660,NH,FL
MIA,ATL,6291,FL,GA
MIA,BDL,364,FL,CT
MIA,BNA,734,FL,TN
MIA,BOS,2183,FL,MA
MIA,BWI,1089,FL,MD
MIA,CHS,43,FL,SC
MIA,CLE,266,FL,OH
MIA,CLT,3454,FL,NC
MIA,CMH,467,FL,OH
MIA,CVG,918,FL,KY
MIA,DCA,3187,FL,VA
MIA,DEN,673,FL,CO
MIA,DFW,3554,FL,TX
MIA,DTW,1336,FL,MI
MIA,EGE,50,FL,CO
MIA,EWR,2813,FL,NJ
MIA,FLL,1,FL,FL
MIA,GSO,363,FL,NC
MIA,IAD,717,FL,VA
MIA,IAH,2464,FL,TX
MIA,IND,304,FL,IN
MIA,JAX,416,FL,FL
MIA,JFK,3147,FL,NY
MIA,LAS,770,FL,NV
MIA,LAX,2463,FL,CA
MIA,LGA,3452,FL,NY
MIA,MCO,2301,FL,FL
MIA,MEM,811,FL,TN
MIA,MSP,979,FL,MN
MIA,MSY,1092,FL,LA
MIA,ORD,3504,FL,IL
MIA,ORF,347,FL,VA
MIA,PHL,2237,FL,PA
MIA,PHX,203,FL,AZ
MIA,PIT,334,FL,PA
MIA,RDU,1092,FL,NC
MIA,RIC,334,FL,VA
MIA,SAV,43,FL,GA
MIA,SDF,364,FL,KY
MIA,SEA,364,FL,WA
MIA,SFO,1092,FL,CA
MIA,SJU,2548,FL,PR
MIA,STL,728,FL,MO
MIA,STT,728,FL,VI
MIA,STX,383,FL,VI
MIA,TLH,1032,FL,FL
MIA,TPA,1863,FL,FL
MIA,TYS,43,FL,TN
MIA,XNA,2,FL,AR
MKE,ATL,4016,WI,GA
MKE,ATW,817,WI,WI
MKE,BKG,43,WI,
MKE,BNA,810,WI,TN
MKE,BOS,486,WI,MA
MKE,BWI,1078,WI,MD
MKE,CLE,1963,WI,OH
MKE,CMH,532,WI,OH
MKE,CVG,424,WI,KY
MKE,DAY,483,WI,OH
MKE,DCA,394,WI,VA
MKE,DEN,2020,WI,CO
MKE,DFW,1034,WI,TX
MKE,DSM,886,WI,IA
MKE,DTW,1946,WI,MI
MKE,EWR,1933,WI,NJ
MKE,FLL,155,WI,FL
MKE,FNT,890,WI,MI
MKE,GRB,565,WI,WI
MKE,GRR,935,WI,MI
MKE,IAH,1622,WI,TX
MKE,IND,579,WI,IN
MKE,JFK,243,WI,NY
MKE,LAS,988,WI,NV
MKE,LAX,721,WI,CA
MKE,LGA,989,WI,NY
MKE,MCI,174,WI,MO
MKE,MCO,1386,WI,FL
MKE,MEM,796,WI,TN
MKE,MQT,271,WI,
MKE,MSN,1217,WI,WI
MKE,MSP,3898,WI,MN
MKE,OMA,820,WI,NE
MKE,ORD,4118,WI,IL
MKE,PHL,1252,WI,PA
MKE,PHX,973,WI,AZ
MKE,PIT,750,WI,PA
MKE,RSW,348,WI,FL
MKE,SAN,118,WI,CA
MKE,SEA,260,WI,WA
MKE,SFO,296,WI,CA
MKE,SLC,149,WI,UT
MKE,STL,734,WI,MO
MKE,TPA,422,WI,FL
MLB,ATL,1948,FL,GA
MLI,ATL,2722,IL,GA
MLI,DEN,700,IL,CO
MLI,DFW,661,IL,TX
MLI,DTW,825,IL,MI
MLI,MCO,173,IL,FL
MLI,MEM,502,IL,TN
MLI,MSP,160,IL,MN
MLI,ORD,2182,IL,IL
MLU,ATL,987,LA,GA
MLU,DFW,980,LA,TX
MLU,IAH,347,LA,TX
MOB,ATL,2794,AL,GA
MOB,DFW,1188,AL,TX
MOB,IAH,1649,AL,TX
MOB,MEM,1060,AL,TN
MOD,SFO,1679,CA,CA
MOT,MSP,332,ND,MN
MQT,GRB,156,,WI
MQT,MKE,270,,WI
MQT,ORD,407,,IL
MRY,DEN,362,CA,CO
MRY,LAX,2643,CA,CA
MRY,PHX,788,CA,AZ
MRY,SFO,2294,CA,CA
MSN,ATL,317,WI,GA
MSN,CLE,354,WI,OH
MSN,CVG,413,WI,KY
MSN,DCA,323,WI,VA
MSN,DEN,807,WI,CO
MSN,DFW,858,WI,TX
MSN,DTW,1624,WI,MI
MSN,EWR,310,WI,NJ
MSN,LGA,387,WI,NY
MSN,MEM,360,WI,TN
MSN,MKE,1218,WI,WI
MSN,MSP,1384,WI,MN
MSN,ORD,4217,WI,IL
MSN,STL,330,WI,MO
MSO,DEN,1226,MT,CO
MSO,MSP,30,MT,MN
MSO,ORD,120,MT,IL
MSO,SLC,1805,MT,UT
MSP,ABQ,674,MN,NM
MSP,ALB,123,MN,NY
MSP,ALO,331,MN,IA
MSP,ANC,753,MN,AK
MSP,ATL,5815,MN,GA
MSP,ATW,501,MN,WI
MSP,AVL,25,MN,NC
MSP,AZO,244,MN,MI
MSP,BDL,633,MN,CT
MSP,BGR,4,MN,ME
MSP,BHM,90,MN,AL
MSP,BIL,286,MN,MT
MSP,BIS,1177,MN,ND
MSP,BJI,55,MN,MN
MSP,BMI,75,MN,IL
MSP,BNA,747,MN,TN
MSP,BOI,85,MN,ID
MSP,BOS,1480,MN,MA
MSP,BUF,95,MN,NY
MSP,BWI,1094,MN,MD
MSP,BZN,378,MN,MT
MSP,CHS,11,MN,SC
MSP,CID,592,MN,IA
MSP,CLE,1207,MN,OH
MSP,CLT,1573,MN,NC
MSP,CMH,1037,MN,OH
MSP,CMX,357,MN,MI
MSP,CPR,75,MN,WY
MSP,CVG,1539,MN,KY
MSP,CWA,1,MN,WI
MSP,DAY,515,MN,OH
MSP,DCA,2103,MN,VA
MSP,DEN,6384,MN,CO
MSP,DFW,2970,MN,TX
MSP,DLH,1214,MN,MN
MSP,DSM,1031,MN,IA
MSP,DTW,4178,MN,MI
MSP,EGE,106,MN,CO
MSP,EWR,2486,MN,NJ
MSP,FAI,212,MN,AK
MSP,FAR,1445,MN,ND
MSP,FCA,109,MN,MT
MSP,FLL,498,MN,FL
MSP,FNT,256,MN,MI
MSP,FSD,1535,MN,SD
MSP,FWA,229,MN,IN
MSP,GEG,787,MN,WA
MSP,GFK,1129,MN,ND
MSP,GRB,959,MN,WI
MSP,GRR,1208,MN,MI
MSP,GSO,148,MN,NC
MSP,HDN,97,MN,CO
MSP,HLN,181,MN,MT
MSP,HNL,309,MN,HI
MSP,IAD,209,MN,VA
MSP,IAH,2355,MN,TX
MSP,ICT,688,MN,KS
MSP,IDA,94,MN,ID
MSP,IND,1436,MN,IN
MSP,JAC,98,MN,WY
MSP,JAX,48,MN,FL
MSP,JFK,1389,MN,NY
MSP,LAN,18,MN,MI
MSP,LAS,2397,MN,NV
MSP,LAX,2339,MN,CA
MSP,LGA,2527,MN,NY
MSP,LNK,169,MN,NE
MSP,LSE,479,MN,WI
MSP,MBS,221,MN,MI
MSP,MCI,1665,MN,MO
MSP,MCO,1776,MN,FL
MSP,MDT,163,MN,PA
MSP,MDW,4151,MN,IL
MSP,MEM,2018,MN,TN
MSP,MIA,979,MN,FL
MSP,MKE,4283,MN,WI
MSP,MLI,192,MN,IL
MSP,MOT,332,MN,ND
MSP,MSN,1376,MN,WI
MSP,MSO,29,MN,MT
MSP,MSY,127,MN,LA
MSP,MYR,11,MN,SC
MSP,OKC,756,MN,OK
MSP,OMA,1061,MN,NE
MSP,ORD,8875,MN,IL
MSP,PDX,1476,MN,OR
MSP,PHL,1759,MN,PA
MSP,PHX,3594,MN,AZ
MSP,PIR,1,MN,SD
MSP,PIT,618,MN,PA
MSP,PSP,110,MN,CA
MSP,PWM,27,MN,ME
MSP,RAP,315,MN,SD
MSP,RDU,699,MN,NC
MSP,RHI,41,MN,WI
MSP,RIC,23,MN,VA
MSP,RNO,11,MN,NV
MSP,RST,515,MN,MN
MSP,RSW,661,MN,FL
MSP,SAN,1242,MN,CA
MSP,SAV,11,MN,GA
MSP,SBN,363,MN,IN
MSP,SDF,580,MN,KY
MSP,SEA,3090,MN,WA
MSP,SFO,2257,MN,CA
MSP,SGF,260,MN,MO
MSP,SJC,664,MN,CA
MSP,SJU,34,MN,PR
MSP,SLC,1701,MN,UT
MSP,SMF,796,MN,CA
MSP,SNA,926,MN,CA
MSP,STL,1007,MN,MO
MSP,SUX,56,MN,IA
MSP,TPA,914,MN,FL
MSP,TUL,782,MN,OK
MSP,TUS,366,MN,AZ
MSP,TVC,393,MN,MI
MSP,TYS,362,MN,TN
MSP,XNA,671,MN,AR
MSY,ATL,5043,LA,GA
MSY,BHM,701,LA,AL
MSY,BNA,949,LA,TN
MSY,BOS,339,LA,MA
MSY,BWI,419,LA,MD
MSY,CLE,41,LA,OH
MSY,CLT,1393,LA,NC
MSY,CVG,346,LA,KY
MSY,DAL,2064,LA,TX
MSY,DCA,306,LA,VA
MSY,DEN,1317,LA,CO
MSY,DFW,2268,LA,TX
MSY,DTW,88,LA,MI
MSY,EWR,941,LA,NJ
MSY,FLL,642,LA,FL
MSY,HOU,3378,LA,TX
MSY,IAD,231,LA,VA
MSY,IAH,3976,LA,TX
MSY,JFK,985,LA,NY
MSY,LAS,723,LA,NV
MSY,LAX,883,LA,CA
MSY,LGA,567,LA,NY
MSY,MCO,1450,LA,FL
MSY,MDW,364,LA,IL
MSY,MEM,1068,LA,TN
MSY,MIA,1092,LA,FL
MSY,MSP,128,LA,MN
MSY,ORD,1479,LA,IL
MSY,PHL,809,LA,PA
MSY,PHX,364,LA,AZ
MSY,SLC,337,LA,UT
MSY,TPA,1064,LA,FL
MTJ,ATL,53,CO,GA
MTJ,DEN,1701,CO,CO
MTJ,DFW,186,CO,TX
MTJ,EWR,20,CO,NJ
MTJ,IAH,273,CO,TX
MTJ,LAX,30,CO,CA
MTJ,ORD,128,CO,IL
MTJ,SLC,196,CO,UT
MWH,SEA,402,WA,WA
MYR,ATL,2360,SC,GA
MYR,BOS,86,SC,MA
MYR,CLT,1469,SC,NC
MYR,DTW,204,SC,MI
MYR,EWR,228,SC,NJ
MYR,LGA,153,SC,NY
MYR,MSP,11,SC,MN
OAJ,ATL,1559,NC,GA
OAJ,CLT,15,NC,NC
OAK,ABQ,952,CA,NM
OAK,AUS,364,CA,TX
OAK,BNA,187,CA,TN
OAK,BOI,664,CA,ID
OAK,BOS,492,CA,MA
OAK,BUR,4967,CA,CA
OAK,DEN,1973,CA,CO
OAK,GEG,526,CA,WA
OAK,HNL,364,CA,HI
OAK,HOU,700,CA,TX
OAK,IAD,529,CA,VA
OAK,JFK,1035,CA,NY
OAK,KOA,23,CA,HI
OAK,LAS,3492,CA,NV
OAK,LAX,5424,CA,CA
OAK,LGB,1090,CA,CA
OAK,MCI,455,CA,MO
OAK,MDW,1076,CA,IL
OAK,OGG,30,CA,HI
OAK,ONT,3338,CA,CA
OAK,PDX,2010,CA,OR
OAK,PHX,3666,CA,AZ
OAK,RNO,1117,CA,NV
OAK,SAN,4588,CA,CA
OAK,SEA,4348,CA,WA
OAK,SLC,3337,CA,UT
OAK,SNA,2960,CA,CA
OGG,ANC,156,HI,AK
OGG,DEN,163,HI,CO
OGG,DFW,364,HI,TX
OGG,HNL,13330,HI,HI
OGG,ITO,364,HI,HI
OGG,KOA,950,HI,HI
OGG,LAX,2115,HI,CA
OGG,OAK,30,HI,CA
OGG,ORD,26,HI,IL
OGG,PDX,525,HI,OR
OGG,PHX,584,HI,AZ
OGG,SEA,892,HI,WA
OGG,SFO,865,HI,CA
OGG,SLC,264,HI,UT
OKC,ATL,2198,OK,GA
OKC,BWI,357,OK,MD
OKC,CVG,478,OK,KY
OKC,DAL,1638,OK,TX
OKC,DEN,2683,OK,CO
OKC,DFW,2521,OK,TX
OKC,DTW,363,OK,MI
OKC,EWR,349,OK,NJ
OKC,HOU,1321,OK,TX
OKC,IAD,200,OK,VA
OKC,IAH,2764,OK,TX
OKC,LAS,365,OK,NV
OKC,LAX,319,OK,CA
OKC,MCI,785,OK,MO
OKC,MEM,1002,OK,TN
OKC,MSP,741,OK,MN
OKC,ORD,1944,OK,IL
OKC,PHX,725,OK,AZ
OKC,SLC,633,OK,UT
OKC,STL,664,OK,MO
OMA,ATL,1727,NE,GA
OMA,CVG,803,NE,KY
OMA,DEN,4103,NE,CO
OMA,DFW,1756,NE,TX
OMA,DTW,1230,NE,MI
OMA,EWR,939,NE,NJ
OMA,IAH,2050,NE,TX
OMA,LAS,945,NE,NV
OMA,LGA,146,NE,NY
OMA,MDW,1965,NE,IL
OMA,MEM,1044,NE,TN
OMA,MKE,822,NE,WI
OMA,MSP,1062,NE,MN
OMA,ORD,3575,NE,IL
OMA,PHX,1897,NE,AZ
OMA,SLC,512,NE,UT
OMA,STL,1016,NE,MO
OME,ANC,723,AK,AK
OME,OTZ,359,AK,AK
ONT,ATL,367,CA,GA
ONT,BNA,357,CA,TN
ONT,DEN,1253,CA,CO
ONT,DFW,1673,CA,TX
ONT,IAH,1047,CA,TX
ONT,LAS,3025,CA,NV
ONT,OAK,3311,CA,CA
ONT,PHX,4726,CA,AZ
ONT,SEA,1063,CA,WA
ONT,SFO,1365,CA,CA
ONT,SJC,2222,CA,CA
ONT,SLC,1608,CA,UT
ONT,SMF,3436,CA,CA
ORD,ABE,1168,IL,PA
ORD,ABQ,727,IL,NM
ORD,ALB,1051,IL,NY
ORD,ANC,460,IL,AK
ORD,ASE,281,IL,CO
ORD,ATL,6894,IL,GA
ORD,ATW,1922,IL,WI
ORD,AUS,2154,IL,TX
ORD,AVL,30,IL,NC
ORD,AVP,714,IL,PA
ORD,AZO,1618,IL,MI
ORD,BDL,2750,IL,CT
ORD,BHM,932,IL,AL
ORD,BIL,104,IL,MT
ORD,BIS,209,IL,ND
ORD,BMI,1038,IL,IL
ORD,BNA,3845,IL,TN
ORD,BOI,775,IL,ID
ORD,BOS,6912,IL,MA
ORD,BTV,324,IL,VT
ORD,BUF,3112,IL,NY
ORD,BWI,3243,IL,MD
ORD,BZN,273,IL,MT
ORD,CAE,1035,IL,SC
ORD,CAK,1036,IL,OH
ORD,CHA,716,IL,TN
ORD,CHS,1198,IL,SC
ORD,CID,3665,IL,IA
ORD,CLE,4992,IL,OH
ORD,CLT,5576,IL,NC
ORD,CMH,4454,IL,OH
ORD,CMI,1879,IL,IL
ORD,COS,1603,IL,CO
ORD,CRW,688,IL,WV
ORD,CVG,5171,IL,KY
ORD,CWA,2340,IL,WI
ORD,DAL,892,IL,TX
ORD,DAY,925,IL,OH
ORD,DBQ,1035,IL,IA
ORD,DCA,8238,IL,VA
ORD,DEN,5449,IL,CO
ORD,DFW,6920,IL,TX
ORD,DLH,30,IL,MN
ORD,DSM,4331,IL,IA
ORD,DTW,6446,IL,MI
ORD,EGE,127,IL,CO
ORD,ELP,759,IL,TX
ORD,EVV,1742,IL,IN
ORD,EWR,7141,IL,NJ
ORD,FAR,1312,IL,ND
ORD,FCA,90,IL,MT
ORD,FLL,704,IL,FL
ORD,FNT,1032,IL,MI
ORD,FSD,1656,IL,SD
ORD,FWA,2163,IL,IN
ORD,GEG,50,IL,WA
ORD,GRB,3294,IL,WI
ORD,GRR,3302,IL,MI
ORD,GSP,724,IL,SC
ORD,GUC,14,IL,CO
ORD,HDN,126,IL,CO
ORD,HNL,363,IL,HI
ORD,HPN,2915,IL,NY
ORD,HSV,698,IL,AL
ORD,IAD,2642,IL,VA
ORD,IAH,4854,IL,TX
ORD,ICT,3124,IL,KS
ORD,IND,3626,IL,IN
ORD,JAC,486,IL,WY
ORD,JAX,1139,IL,FL
ORD,JFK,3301,IL,NY
ORD,LAN,1297,IL,MI
ORD,LAS,4701,IL,NV
ORD,LAX,6979,IL,CA
ORD,LEX,1187,IL,KY
ORD,LGA,10207,IL,NY
ORD,LGB,364,IL,CA
ORD,LIT,2065,IL,AR
ORD,LNK,1390,IL,NE
ORD,LSE,1645,IL,WI
ORD,MBS,1202,IL,MI
ORD,MCI,3900,IL,MO
ORD,MCO,3732,IL,FL
ORD,MDT,1234,IL,PA
ORD,MEM,3225,IL,TN
ORD,MHT,983,IL,NH
ORD,MIA,3506,IL,FL
ORD,MKE,4112,IL,WI
ORD,MLI,2130,IL,IL
ORD,MQT,406,IL,
ORD,MSN,4007,IL,WI
ORD,MSO,120,IL,MT
ORD,MSP,9161,IL,MN
ORD,MSY,1449,IL,LA
ORD,MTJ,128,IL,CO
ORD,OGG,153,IL,HI
ORD,OKC,2100,IL,OK
ORD,OMA,3593,IL,NE
ORD,ORF,997,IL,VA
ORD,PBI,341,IL,FL
ORD,PDX,1643,IL,OR
ORD,PHL,6899,IL,PA
ORD,PHX,4903,IL,AZ
ORD,PIA,2801,IL,IL
ORD,PIT,2900,IL,PA
ORD,PSP,369,IL,CA
ORD,PVD,731,IL,RI
ORD,PWM,368,IL,ME
ORD,RAP,240,IL,SD
ORD,RDU,2750,IL,NC
ORD,RIC,1700,IL,VA
ORD,RNO,363,IL,NV
ORD,ROA,505,IL,VA
ORD,ROC,2462,IL,NY
ORD,RST,2013,IL,MN
ORD,RSW,714,IL,FL
ORD,SAN,3189,IL,CA
ORD,SAT,1314,IL,TX
ORD,SAV,1019,IL,GA
ORD,SBN,1856,IL,IN
ORD,SDF,3079,IL,KY
ORD,SEA,4471,IL,WA
ORD,SFO,4891,IL,CA
ORD,SGF,1829,IL,MO
ORD,SJC,714,IL,CA
ORD,SJU,801,IL,PR
ORD,SLC,3278,IL,UT
ORD,SMF,743,IL,CA
ORD,SNA,2059,IL,CA
ORD,SPI,1444,IL,IL
ORD,STL,3463,IL,MO
ORD,STT,46,IL,VI
ORD,SYR,1930,IL,NY
ORD,TOL,1034,IL,OH
ORD,TPA,1956,IL,FL
ORD,TUL,1960,IL,OK
ORD,TUS,726,IL,AZ
ORD,TVC,2445,IL,MI
ORD,TYS,2222,IL,TN
ORD,XNA,3165,IL,AR
ORF,ATL,2882,VA,GA
ORF,BNA,364,VA,TN
ORF,BWI,1534,VA,MD
ORF,CLT,1630,VA,NC
ORF,CVG,124,VA,KY
ORF,DFW,912,VA,TX
ORF,DTW,929,VA,MI
ORF,EWR,378,VA,NJ
ORF,IAD,663,VA,VA
ORF,IAH,731,VA,TX
ORF,JAX,695,VA,FL
ORF,JFK,822,VA,NY
ORF,LAS,228,VA,NV
ORF,MCO,752,VA,FL
ORF,MDW,732,VA,IL
ORF,MEM,4,VA,TN
ORF,MIA,347,VA,FL
ORF,ORD,799,VA,IL
ORF,STL,348,VA,MO
ORF,TPA,364,VA,FL
OTH,PDX,668,OR,OR
OTH,SFO,728,OR,CA
OTZ,ANC,359,AK,AK
OTZ,OME,720,AK,AK
OXR,LAX,1171,CA,CA
PBI,ATL,4056,FL,GA
PBI,BDL,364,FL,CT
PBI,BOS,1490,FL,MA
PBI,BWI,1119,FL,MD
PBI,CLE,366,FL,OH
PBI,CLT,1833,FL,NC
PBI,CVG,404,FL,KY
PBI,DCA,914,FL,VA
PBI,DFW,833,FL,TX
PBI,DTW,467,FL,MI
PBI,EWR,2437,FL,NJ
PBI,HPN,1391,FL,NY
PBI,IAD,120,FL,VA
PBI,IAH,1317,FL,TX
PBI,ISP,987,FL,NY
PBI,JFK,2099,FL,NY
PBI,LGA,1866,FL,NY
PBI,MEM,15,FL,TN
PBI,ORD,341,FL,IL
PBI,PHL,1756,FL,PA
PBI,TPA,1325,FL,FL
PDX,ABQ,364,OR,NM
PDX,ANC,646,OR,AK
PDX,ATL,1075,OR,GA
PDX,BOI,768,OR,ID
PDX,BOS,364,OR,MA
PDX,CLT,97,OR,NC
PDX,DEN,4327,OR,CO
PDX,DFW,1702,OR,TX
PDX,DTW,122,OR,MI
PDX,EUG,1359,OR,OR
PDX,EWR,681,OR,NJ
PDX,GEG,1031,OR,WA
PDX,HNL,695,OR,HI
PDX,IAD,387,OR,VA
PDX,IAH,1291,OR,TX
PDX,JFK,573,OR,NY
PDX,LAS,2509,OR,NV
PDX,LAX,2884,OR,CA
PDX,LGB,1026,OR,CA
PDX,LMT,726,OR,OR
PDX,MCI,364,OR,MO
PDX,MDW,530,OR,IL
PDX,MFR,1165,OR,OR
PDX,MSP,1475,OR,MN
PDX,OAK,2009,OR,CA
PDX,OGG,525,OR,HI
PDX,ORD,1635,OR,IL
PDX,OTH,667,OR,OR
PDX,PHL,175,OR,PA
PDX,PHX,3891,OR,AZ
PDX,PSP,189,OR,CA
PDX,RDM,1396,OR,OR
PDX,RNO,965,OR,NV
PDX,SAN,1083,OR,CA
PDX,SEA,2654,OR,WA
PDX,SFO,2444,OR,CA
PDX,SJC,1674,OR,CA
PDX,SLC,3205,OR,UT
PDX,SMF,2175,OR,CA
PDX,SNA,1394,OR,CA
PFN,ATL,2717,FL,GA
PFN,CVG,28,FL,KY
PFN,MEM,1067,FL,TN
PHF,ATL,4268,VA,GA
PHF,BOS,646,VA,MA
PHF,FLL,4,VA,FL
PHF,LGA,713,VA,NY
PHF,MCO,331,VA,FL
PHL,ALB,2,PA,NY
PHL,ATL,6422,PA,GA
PHL,AUS,365,PA,TX
PHL,BDL,591,PA,CT
PHL,BNA,883,PA,TN
PHL,BOS,5168,PA,MA
PHL,BUF,361,PA,NY
PHL,BWI,653,PA,MD
PHL,CLE,403,PA,OH
PHL,CLT,3490,PA,NC
PHL,CMH,625,PA,OH
PHL,CVG,1116,PA,KY
PHL,DCA,701,PA,VA
PHL,DEN,2952,PA,CO
PHL,DFW,3588,PA,TX
PHL,DTW,2709,PA,MI
PHL,FLL,2801,PA,FL
PHL,HOU,674,PA,TX
PHL,IAD,78,PA,VA
PHL,IAH,1687,PA,TX
PHL,IND,361,PA,IN
PHL,JAX,1647,PA,FL
PHL,JFK,559,PA,NY
PHL,LAS,2486,PA,NV
PHL,LAX,2182,PA,CA
PHL,LGA,27,PA,NY
PHL,MCO,6433,PA,FL
PHL,MDW,2414,PA,IL
PHL,MEM,930,PA,TN
PHL,MHT,2296,PA,NH
PHL,MIA,2236,PA,FL
PHL,MKE,1253,PA,WI
PHL,MSP,1761,PA,MN
PHL,MSY,814,PA,LA
PHL,ORD,7154,PA,IL
PHL,ORF,130,PA,VA
PHL,PBI,1748,PA,FL
PHL,PDX,175,PA,OR
PHL,PHX,2974,PA,AZ
PHL,PIT,2446,PA,PA
PHL,PVD,2594,PA,RI
PHL,PWM,2,PA,ME
PHL,RDU,2996,PA,NC
PHL,RIC,39,PA,VA
PHL,RSW,1183,PA,FL
PHL,SAN,832,PA,CA
PHL,SAT,303,PA,TX
PHL,SEA,846,PA,WA
PHL,SFO,2203,PA,CA
PHL,SJU,1496,PA,PR
PHL,SLC,633,PA,UT
PHL,SMF,171,PA,CA
PHL,STL,704,PA,MO
PHL,STT,205,PA,VI
PHL,SYR,334,PA,NY
PHL,TPA,3010,PA,FL
PHX,ABQ,4983,AZ,NM
PHX,ANC,379,AZ,AK
PHX,ATL,3942,AZ,GA
PHX,AUS,2767,AZ,TX
PHX,BFL,1165,AZ,CA
PHX,BHM,309,AZ,AL
PHX,BNA,863,AZ,TN
PHX,BOI,726,AZ,ID
PHX,BOS,1054,AZ,MA
PHX,BUF,364,AZ,NY
PHX,BUR,4446,AZ,CA
PHX,BWI,1936,AZ,MD
PHX,CLE,652,AZ,OH
PHX,CLT,2374,AZ,NC
PHX,CMH,1056,AZ,OH
PHX,COS,1293,AZ,CO
PHX,CVG,363,AZ,KY
PHX,DCA,1080,AZ,VA
PHX,DEN,8982,AZ,CO
PHX,DFW,5146,AZ,TX
PHX,DRO,795,AZ,CO
PHX,DSM,927,AZ,IA
PHX,DTW,2875,AZ,MI
PHX,ELP,3755,AZ,TX
PHX,EWR,2452,AZ,NJ
PHX,FAT,1432,AZ,CA
PHX,FLG,1640,AZ,AZ
PHX,FLL,650,AZ,FL
PHX,GEG,729,AZ,WA
PHX,GJT,988,AZ,CO
PHX,HNL,926,AZ,HI
PHX,HOU,1409,AZ,TX
PHX,IAD,640,AZ,VA
PHX,IAH,3733,AZ,TX
PHX,ICT,594,AZ,KS
PHX,IND,1306,AZ,IN
PHX,JFK,2068,AZ,NY
PHX,KOA,336,AZ,HI
PHX,LAS,8453,AZ,NV
PHX,LAX,8205,AZ,CA
PHX,LGB,1446,AZ,CA
PHX,LIH,313,AZ,HI
PHX,LIT,137,AZ,AR
PHX,MCI,2034,AZ,MO
PHX,MCO,1016,AZ,FL
PHX,MDW,2540,AZ,IL
PHX,MEM,727,AZ,TN
PHX,MHT,364,AZ,NH
PHX,MIA,203,AZ,FL
PHX,MKE,971,AZ,WI
PHX,MRY,788,AZ,CA
PHX,MSP,3589,AZ,MN
PHX,MSY,364,AZ,LA
PHX,OAK,3690,AZ,CA
PHX,OGG,584,AZ,HI
PHX,OKC,721,AZ,OK
PHX,OMA,1896,AZ,NE
PHX,ONT,4712,AZ,CA
PHX,ORD,4902,AZ,IL
PHX,PDX,3891,AZ,OR
PHX,PHL,2982,AZ,PA
PHX,PIT,1089,AZ,PA
PHX,PSP,1794,AZ,CA
PHX,PVD,364,AZ,RI
PHX,RDU,674,AZ,NC
PHX,RNO,2338,AZ,NV
PHX,SAN,6505,AZ,CA
PHX,SAT,2612,AZ,TX
PHX,SBA,1620,AZ,CA
PHX,SBP,917,AZ,CA
PHX,SDF,364,AZ,KY
PHX,SEA,4772,AZ,WA
PHX,SFO,4935,AZ,CA
PHX,SJC,3777,AZ,CA
PHX,SLC,6934,AZ,UT
PHX,SMF,3857,AZ,CA
PHX,SNA,5463,AZ,CA
PHX,STL,2347,AZ,MO
PHX,TEX,176,AZ,CO
PHX,TPA,1011,AZ,FL
PHX,TUL,715,AZ,OK
PHX,TUS,3603,AZ,AZ
PHX,YUM,1972,AZ,AZ
PIA,ATL,396,IL,GA
PIA,DEN,364,IL,CO
PIA,DFW,728,IL,TX
PIA,DTW,574,IL,MI
PIA,MLI,1,IL,IL
PIA,ORD,2801,IL,IL
PIH,SLC,1436,ID,UT
PIR,JAX,2,SD,FL
PIR,MSP,1,SD,MN
PIT,ATL,4552,PA,GA
PIT,BOS,506,PA,MA
PIT,BWI,990,PA,MD
PIT,CLT,2217,PA,NC
PIT,CVG,429,PA,KY
PIT,DEN,366,PA,CO
PIT,DFW,1808,PA,TX
PIT,DTW,1382,PA,MI
PIT,EWR,326,PA,NJ
PIT,FLL,408,PA,FL
PIT,IAD,620,PA,VA
PIT,IAH,1679,PA,TX
PIT,JFK,2532,PA,NY
PIT,LAS,1270,PA,NV
PIT,LAX,339,PA,CA
PIT,LGA,391,PA,NY
PIT,MCO,1814,PA,FL
PIT,MDW,1960,PA,IL
PIT,MEM,989,PA,TN
PIT,MIA,334,PA,FL
PIT,MKE,749,PA,WI
PIT,MSP,549,PA,MN
PIT,ORD,2879,PA,IL
PIT,PHL,3065,PA,PA
PIT,PHX,1088,PA,AZ
PIT,RSW,289,PA,FL
PIT,SFO,331,PA,CA
PIT,TPA,846,PA,FL
PLN,DCA,1,MI,VA
PLN,DTW,358,MI,MI
PNS,ATL,4624,FL,GA
PNS,CLT,133,FL,NC
PNS,DFW,2067,FL,TX
PNS,IAH,1581,FL,TX
PNS,MEM,1089,FL,TN
PSC,DEN,900,WA,CO
PSC,GEG,1,WA,WA
PSC,SFO,415,WA,CA
PSC,SLC,1554,WA,UT
PSE,JFK,347,PR,NY
PSE,MCO,351,PR,FL
PSG,JNU,331,AK,AK
PSG,WRG,331,AK,AK
PSP,DEN,1213,CA,CO
PSP,DFW,970,CA,TX
PSP,LAS,1054,CA,NV
PSP,LAX,2474,CA,CA
PSP,MSP,110,CA,MN
PSP,ORD,369,CA,IL
PSP,PDX,189,CA,OR
PSP,PHX,1794,CA,AZ
PSP,SEA,687,CA,WA
PSP,SFO,1674,CA,CA
PSP,SLC,742,CA,UT
PVD,ACK,1,RI,MA
PVD,ATL,1154,RI,GA
PVD,BNA,364,RI,TN
PVD,BWI,3406,RI,MD
PVD,CLE,391,RI,OH
PVD,CLT,1638,RI,NC
PVD,CVG,268,RI,KY
PVD,DCA,464,RI,VA
PVD,DTW,1131,RI,MI
PVD,EWR,419,RI,NJ
PVD,FLL,652,RI,FL
PVD,IAD,354,RI,VA
PVD,JFK,90,RI,NY
PVD,LAS,363,RI,NV
PVD,MCO,1847,RI,FL
PVD,MDW,1216,RI,IL
PVD,ORD,730,RI,IL
PVD,PHL,2600,RI,PA
PVD,PHX,364,RI,AZ
PVD,TPA,822,RI,FL
PWM,ATL,998,ME,GA
PWM,BWI,934,ME,MD
PWM,CLE,271,ME,OH
PWM,CLT,105,ME,NC
PWM,CVG,4,ME,KY
PWM,DTW,572,ME,MI
PWM,EWR,15,ME,NJ
PWM,IAD,513,ME,VA
PWM,JFK,2358,ME,NY
PWM,MCO,376,ME,FL
PWM,MSP,26,ME,MN
PWM,ORD,336,ME,IL
RAP,DEN,2520,SD,CO
RAP,MSP,316,SD,MN
RAP,ORD,241,SD,IL
RAP,SLC,787,SD,UT
RDD,SFO,1433,CA,CA
RDM,DEN,210,OR,CO
RDM,PDX,1397,OR,OR
RDM,SFO,875,OR,CA
RDM,SLC,694,OR,UT
RDU,ATL,5208,NC,GA
RDU,BDL,1031,NC,CT
RDU,BNA,1474,NC,TN
RDU,BOS,4189,NC,MA
RDU,BWI,2075,NC,MD
RDU,CLE,150,NC,OH
RDU,CLT,2394,NC,NC
RDU,CMH,364,NC,OH
RDU,CVG,664,NC,KY
RDU,DCA,2826,NC,VA
RDU,DEN,364,NC,CO
RDU,DFW,1993,NC,TX
RDU,DTW,1439,NC,MI
RDU,EWR,1126,NC,NJ
RDU,FLL,729,NC,FL
RDU,IAD,1647,NC,VA
RDU,IAH,1761,NC,TX
RDU,IND,629,NC,IN
RDU,JFK,4400,NC,NY
RDU,LAS,597,NC,NV
RDU,LGA,5335,NC,NY
RDU,MCO,1261,NC,FL
RDU,MDW,1129,NC,IL
RDU,MEM,1051,NC,TN
RDU,MIA,1092,NC,FL
RDU,MSP,699,NC,MN
RDU,ORD,2373,NC,IL
RDU,PHL,2990,NC,PA
RDU,PHX,674,NC,AZ
RDU,SLC,146,NC,UT
RDU,STL,554,NC,MO
RDU,TPA,1018,NC,FL
RHI,MSP,41,WI,MN
RIC,ATL,4408,VA,GA
RIC,BOS,660,VA,MA
RIC,CLE,871,VA,OH
RIC,CLT,1352,VA,NC
RIC,CVG,31,VA,KY
RIC,DFW,1035,VA,TX
RIC,DTW,554,VA,MI
RIC,EWR,1655,VA,NJ
RIC,FLL,350,VA,FL
RIC,IAH,950,VA,TX
RIC,JFK,1920,VA,NY
RIC,LGA,331,VA,NY
RIC,MCO,692,VA,FL
RIC,MEM,4,VA,TN
RIC,MIA,334,VA,FL
RIC,MSP,24,VA,MN
RIC,ORD,1699,VA,IL
RIC,PHL,43,VA,PA
RKS,DEN,685,WY,CO
RKS,GCC,361,WY,WY
RKS,SLC,721,WY,UT
RNO,ATL,20,NV,GA
RNO,BOI,835,NV,ID
RNO,DEN,1172,NV,CO
RNO,DFW,857,NV,TX
RNO,LAS,3987,NV,NV
RNO,LAX,1192,NV,CA
RNO,MDW,364,NV,IL
RNO,MSP,11,NV,MN
RNO,OAK,1112,NV,CA
RNO,ORD,363,NV,IL
RNO,PDX,951,NV,OR
RNO,PHX,2347,NV,AZ
RNO,SAN,724,NV,CA
RNO,SEA,476,NV,WA
RNO,SFO,1816,NV,CA
RNO,SJC,1079,NV,CA
RNO,SLC,2010,NV,UT
ROA,ATL,1687,VA,GA
ROA,DTW,880,VA,MI
ROA,IAD,498,VA,VA
ROA,ORD,665,VA,IL
ROC,ATL,2351,NY,GA
ROC,BWI,842,NY,MD
ROC,CLE,917,NY,OH
ROC,CLT,371,NY,NC
ROC,CVG,2,NY,KY
ROC,DTW,707,NY,MI
ROC,EWR,927,NY,NJ
ROC,IAD,812,NY,VA
ROC,JFK,2699,NY,NY
ROC,MCO,755,NY,FL
ROC,ORD,2404,NY,IL
ROC,TPA,339,NY,FL
ROW,DFW,1041,NM,TX
ROW,LAX,73,NM,CA
RST,DTW,368,MN,MI
RST,MSP,480,MN,MN
RST,ORD,2013,MN,IL
RSW,ATL,4366,FL,GA
RSW,BDL,124,FL,CT
RSW,BOS,1459,FL,MA
RSW,BUF,286,FL,NY
RSW,BWI,1305,FL,MD
RSW,CAK,177,FL,OH
RSW,CLE,538,FL,OH
RSW,CLT,1745,FL,NC
RSW,CMH,388,FL,OH
RSW,CVG,603,FL,KY
RSW,DCA,685,FL,VA
RSW,DEN,25,FL,CO
RSW,DFW,863,FL,TX
RSW,DTW,1224,FL,MI
RSW,EWR,1500,FL,NJ
RSW,FNT,177,FL,MI
RSW,HPN,425,FL,NY
RSW,IAD,120,FL,VA
RSW,IAH,1000,FL,TX
RSW,IND,999,FL,IN
RSW,ISP,128,FL,NY
RSW,JFK,1628,FL,NY
RSW,LGA,263,FL,NY
RSW,MCO,1383,FL,FL
RSW,MDW,1167,FL,IL
RSW,MEM,58,FL,TN
RSW,MKE,348,FL,WI
RSW,MSP,660,FL,MN
RSW,ORD,715,FL,IL
RSW,PHL,1186,FL,PA
RSW,PIT,289,FL,PA
RSW,STL,472,FL,MO
SAF,DFW,246,NM,TX
SAF,LAX,43,NM,CA
SAN,ABQ,934,CA,NM
SAN,ATL,2253,CA,GA
SAN,AUS,717,CA,TX
SAN,BNA,519,CA,TN
SAN,BOS,588,CA,MA
SAN,BWI,686,CA,MD
SAN,CLE,13,CA,OH
SAN,CLT,566,CA,NC
SAN,CVG,357,CA,KY
SAN,DEN,5083,CA,CO
SAN,DFW,3226,CA,TX
SAN,DTW,598,CA,MI
SAN,ELP,364,CA,TX
SAN,EWR,1167,CA,NJ
SAN,HNL,364,CA,HI
SAN,HOU,701,CA,TX
SAN,IAD,1132,CA,VA
SAN,IAH,2356,CA,TX
SAN,JFK,1735,CA,NY
SAN,LAS,5428,CA,NV
SAN,LAX,11020,CA,CA
SAN,MCI,621,CA,MO
SAN,MDW,1368,CA,IL
SAN,MEM,156,CA,TN
SAN,MKE,118,CA,WI
SAN,MSP,1241,CA,MN
SAN,OAK,4580,CA,CA
SAN,ORD,2851,CA,IL
SAN,PDX,1083,CA,OR
SAN,PHL,832,CA,PA
SAN,PHX,6508,CA,AZ
SAN,RNO,726,CA,NV
SAN,SAT,687,CA,TX
SAN,SEA,2714,CA,WA
SAN,SFO,6328,CA,CA
SAN,SJC,4563,CA,CA
SAN,SLC,2909,CA,UT
SAN,SMF,4157,CA,CA
SAN,STL,319,CA,MO
SAN,TUS,1179,CA,AZ
SAT,ATL,4029,TX,GA
SAT,BNA,671,TX,TN
SAT,BWI,696,TX,MD
SAT,CLT,244,TX,NC
SAT,CVG,122,TX,KY
SAT,DAL,4608,TX,TX
SAT,DEN,2606,TX,CO
SAT,DFW,5489,TX,TX
SAT,DTW,10,TX,MI
SAT,ELP,1247,TX,TX
SAT,EWR,695,TX,NJ
SAT,HOU,2038,TX,TX
SAT,HRL,636,TX,TX
SAT,IAD,199,TX,VA
SAT,IAH,3655,TX,TX
SAT,IND,4,TX,IN
SAT,LAS,1438,TX,NV
SAT,LAX,1671,TX,CA
SAT,MCO,608,TX,FL
SAT,MDW,691,TX,IL
SAT,MEM,697,TX,TN
SAT,ORD,1217,TX,IL
SAT,PHL,303,TX,PA
SAT,PHX,2613,TX,AZ
SAT,SAN,688,TX,CA
SAT,SFO,364,TX,CA
SAT,SLC,465,TX,UT
SAT,TPA,364,TX,FL
SAV,ATL,3483,GA,GA
SAV,CLT,1408,GA,NC
SAV,CVG,431,GA,KY
SAV,DFW,951,GA,TX
SAV,DTW,446,GA,MI
SAV,EWR,1017,GA,NJ
SAV,IAD,489,GA,VA
SAV,IAH,881,GA,TX
SAV,LGA,931,GA,NY
SAV,MEM,60,GA,TN
SAV,MIA,43,GA,FL
SAV,MSP,11,GA,MN
SAV,ORD,1021,GA,IL
SBA,DEN,793,CA,CO
SBA,DFW,96,CA,TX
SBA,LAS,138,CA,NV
SBA,LAX,4225,CA,CA
SBA,PHX,1620,CA,AZ
SBA,SFO,2694,CA,CA
SBA,SJC,1184,CA,CA
SBA,SLC,649,CA,UT
SBN,ATL,977,IN,GA
SBN,CVG,18,IN,KY
SBN,DTW,1309,IN,MI
SBN,MSP,364,IN,MN
SBN,ORD,1857,IN,IL
SBN,PIA,1,IN,IL
SBP,LAX,1386,CA,CA
SBP,PHX,917,CA,AZ
SBP,SFO,1767,CA,CA
SBP,SMX,3,CA,CA
SCC,ANC,289,AK,AK
SCC,BRW,411,AK,AK
SCE,DTW,830,,MI
SDF,ATL,3340,KY,GA
SDF,BHM,671,KY,AL
SDF,BOS,1,KY,MA
SDF,BWI,1270,KY,MD
SDF,CLE,727,KY,OH
SDF,CLT,765,KY,NC
SDF,CVG,287,KY,KY
SDF,DEN,13,KY,CO
SDF,DFW,1305,KY,TX
SDF,DTW,837,KY,MI
SDF,EWR,957,KY,NJ
SDF,IAH,181,KY,TX
SDF,LAS,364,KY,NV
SDF,MCO,373,KY,FL
SDF,MDW,1671,KY,IL
SDF,MEM,769,KY,TN
SDF,MIA,364,KY,FL
SDF,MSP,578,KY,MN
SDF,ORD,3083,KY,IL
SDF,PHX,364,KY,AZ
SDF,SGF,1,KY,MO
SDF,STL,718,KY,MO
SDF,TPA,389,KY,FL
SEA,ABQ,597,WA,NM
SEA,ANC,6222,WA,AK
SEA,ATL,2584,WA,GA
SEA,AUS,143,WA,TX
SEA,BNA,185,WA,TN
SEA,BOI,750,WA,ID
SEA,BOS,935,WA,MA
SEA,BUR,1186,WA,CA
SEA,BWI,253,WA,MD
SEA,CLE,193,WA,OH
SEA,CLT,519,WA,NC
SEA,CVG,660,WA,KY
SEA,DCA,723,WA,VA
SEA,DEN,5433,WA,CO
SEA,DFW,3851,WA,TX
SEA,DTW,1168,WA,MI
SEA,EWR,2029,WA,NJ
SEA,FAI,1000,WA,AK
SEA,GEG,3512,WA,WA
SEA,HNL,1715,WA,HI
SEA,IAD,1091,WA,VA
SEA,IAH,2401,WA,TX
SEA,JFK,1861,WA,NY
SEA,JNU,1249,WA,AK
SEA,KOA,364,WA,HI
SEA,KTN,1288,WA,AK
SEA,LAS,4235,WA,NV
SEA,LAX,5062,WA,CA
SEA,LGB,1428,WA,CA
SEA,LIH,364,WA,HI
SEA,MCI,363,WA,MO
SEA,MCO,727,WA,FL
SEA,MDW,1061,WA,IL
SEA,MEM,316,WA,TN
SEA,MIA,364,WA,FL
SEA,MKE,259,WA,WI
SEA,MSP,3090,WA,MN
SEA,MWH,404,WA,WA
SEA,OAK,4395,WA,CA
SEA,OGG,987,WA,HI
SEA,ONT,1064,WA,CA
SEA,ORD,4212,WA,IL
SEA,PDX,2652,WA,OR
SEA,PHL,845,WA,PA
SEA,PHX,4732,WA,AZ
SEA,PSC,1,WA,WA
SEA,PSP,687,WA,CA
SEA,RNO,477,WA,NV
SEA,SAN,2715,WA,CA
SEA,SFO,5011,WA,CA
SEA,SIT,101,WA,AK
SEA,SJC,2947,WA,CA
SEA,SLC,3815,WA,UT
SEA,SMF,3157,WA,CA
SEA,SNA,2622,WA,CA
SEA,STL,578,WA,MO
SEA,TUS,365,WA,AZ
SFO,ABQ,496,CA,NM
SFO,ACV,1973,CA,CA
SFO,ANC,76,CA,AK
SFO,ASE,66,CA,CO
SFO,ATL,2885,CA,GA
SFO,AUS,729,CA,TX
SFO,BFL,904,CA,CA
SFO,BOI,1419,CA,ID
SFO,BOS,2610,CA,MA
SFO,BUR,1980,CA,CA
SFO,BWI,365,CA,MD
SFO,BZN,40,CA,MT
SFO,CEC,692,CA,CA
SFO,CIC,1390,CA,CA
SFO,CLE,456,CA,OH
SFO,CLT,1308,CA,NC
SFO,COS,364,CA,CO
SFO,CVG,687,CA,KY
SFO,DEN,6045,CA,CO
SFO,DFW,3591,CA,TX
SFO,DTW,1159,CA,MI
SFO,EUG,2231,CA,OR
SFO,EWR,3098,CA,NJ
SFO,FAT,2307,CA,CA
SFO,FLL,45,CA,FL
SFO,GEG,430,CA,WA
SFO,HNL,2287,CA,HI
SFO,IAD,2615,CA,VA
SFO,IAH,2653,CA,TX
SFO,IND,1,CA,IN
SFO,JFK,6451,CA,NY
SFO,KOA,668,CA,HI
SFO,LAS,6823,CA,NV
SFO,LAX,12134,CA,CA
SFO,LGB,1072,CA,CA
SFO,LIH,439,CA,HI
SFO,LMT,726,CA,OR
SFO,MCI,61,CA,MO
SFO,MCO,365,CA,FL
SFO,MDW,1059,CA,IL
SFO,MEM,238,CA,TN
SFO,MFR,2036,CA,OR
SFO,MIA,1092,CA,FL
SFO,MKE,296,CA,WI
SFO,MOD,1679,CA,CA
SFO,MRY,2292,CA,CA
SFO,MSP,2260,CA,MN
SFO,OGG,865,CA,HI
SFO,ONT,1366,CA,CA
SFO,ORD,5319,CA,IL
SFO,OTH,728,CA,OR
SFO,PDX,2442,CA,OR
SFO,PHL,2474,CA,PA
SFO,PHX,4950,CA,AZ
SFO,PIT,331,CA,PA
SFO,PSC,416,CA,WA
SFO,PSP,1677,CA,CA
SFO,RDD,1432,CA,CA
SFO,RDM,876,CA,OR
SFO,RNO,1817,CA,NV
SFO,SAN,6038,CA,CA
SFO,SAT,364,CA,TX
SFO,SBA,2393,CA,CA
SFO,SBP,1768,CA,CA
SFO,SEA,4724,CA,WA
SFO,SLC,3778,CA,UT
SFO,SMF,2532,CA,CA
SFO,SNA,4820,CA,CA
SFO,STL,364,CA,MO
SFO,TUS,421,CA,AZ
SGF,ATL,1236,MO,GA
SGF,DEN,674,MO,CO
SGF,DFW,2822,MO,TX
SGF,DRO,1,MO,CO
SGF,DTW,121,MO,MI
SGF,MEM,1047,MO,TN
SGF,MSP,262,MO,MN
SGF,ORD,1970,MO,IL
SGF,STL,236,MO,MO
SGF,XNA,1,MO,AR
SGU,LAX,481,UT,CA
SGU,SLC,2316,UT,UT
SHV,ATL,1728,LA,GA
SHV,DFW,1563,LA,TX
SHV,DTW,104,LA,MI
SHV,IAH,759,LA,TX
SHV,MEM,1081,LA,TN
SIT,JNU,724,AK,AK
SIT,KTN,363,AK,AK
SIT,SEA,260,AK,WA
SJC,ATL,402,CA,GA
SJC,AUS,576,CA,TX
SJC,BUR,3113,CA,CA
SJC,DEN,3661,CA,CO
SJC,DFW,2067,CA,TX
SJC,HNL,336,CA,HI
SJC,IAH,986,CA,TX
SJC,JFK,363,CA,NY
SJC,LAS,3727,CA,NV
SJC,LAX,7165,CA,CA
SJC,LGB,960,CA,CA
SJC,MDW,463,CA,IL
SJC,MRY,1,CA,CA
SJC,MSP,664,CA,MN
SJC,ONT,2229,CA,CA
SJC,ORD,714,CA,IL
SJC,PDX,1653,CA,OR
SJC,PHX,3745,CA,AZ
SJC,RNO,1094,CA,NV
SJC,SAN,4572,CA,CA
SJC,SBA,1185,CA,CA
SJC,SEA,2936,CA,WA
SJC,SLC,1522,CA,UT
SJC,SNA,4675,CA,CA
SJT,DFW,530,TX,TX
SJU,ATL,2281,PR,GA
SJU,BDL,364,PR,CT
SJU,BOS,1022,PR,MA
SJU,BWI,605,PR,MD
SJU,CLE,20,PR,OH
SJU,CLT,785,PR,NC
SJU,DFW,768,PR,TX
SJU,DTW,61,PR,MI
SJU,EWR,1251,PR,NJ
SJU,FLL,1005,PR,FL
SJU,IAD,663,PR,VA
SJU,IAH,734,PR,TX
SJU,JFK,3499,PR,NY
SJU,LAX,201,PR,CA
SJU,MCO,2627,PR,FL
SJU,MEM,26,PR,TN
SJU,MIA,2548,PR,FL
SJU,MSP,34,PR,MN
SJU,ORD,846,PR,IL
SJU,PHL,1496,PR,PA
SJU,TPA,364,PR,FL
SLC,ABQ,2205,UT,NM
SLC,ACV,437,UT,CA
SLC,ANC,486,UT,AK
SLC,ASE,145,UT,CO
SLC,ATL,2772,UT,GA
SLC,AUS,153,UT,TX
SLC,BIL,1785,UT,MT
SLC,BIS,177,UT,ND
SLC,BNA,209,UT,TN
SLC,BOI,2999,UT,ID
SLC,BOS,694,UT,MA
SLC,BTM,689,UT,MT
SLC,BUR,1119,UT,CA
SLC,BWI,963,UT,MD
SLC,BZN,1759,UT,MT
SLC,CDC,626,UT,UT
SLC,CLE,78,UT,OH
SLC,COD,684,UT,WY
SLC,COS,844,UT,CO
SLC,CPR,756,UT,WY
SLC,CVG,1405,UT,KY
SLC,DCA,361,UT,VA
SLC,DEN,8911,UT,CO
SLC,DFW,3194,UT,TX
SLC,DSM,27,UT,IA
SLC,DTW,1294,UT,MI
SLC,EKO,1416,UT,NV
SLC,ELP,264,UT,TX
SLC,EUG,755,UT,OR
SLC,EWR,640,UT,NJ
SLC,FAR,227,UT,ND
SLC,FAT,790,UT,CA
SLC,FCA,1466,UT,MT
SLC,FLL,205,UT,FL
SLC,FSD,135,UT,SD
SLC,GCC,368,UT,WY
SLC,GEG,2265,UT,WA
SLC,GJT,1035,UT,CO
SLC,GTF,1026,UT,MT
SLC,GUC,93,UT,CO
SLC,HDN,101,UT,CO
SLC,HLN,1113,UT,MT
SLC,HNL,349,UT,HI
SLC,IAD,361,UT,VA
SLC,IAH,2483,UT,TX
SLC,IDA,1900,UT,ID
SLC,IND,210,UT,IN
SLC,JAC,1532,UT,WY
SLC,JFK,1811,UT,NY
SLC,LAS,5364,UT,NV
SLC,LAX,5074,UT,CA
SLC,LGB,2466,UT,CA
SLC,LNK,75,UT,NE
SLC,LWS,605,UT,ID
SLC,MCI,1081,UT,MO
SLC,MCO,692,UT,FL
SLC,MDW,868,UT,IL
SLC,MEM,348,UT,TN
SLC,MFR,698,UT,OR
SLC,MKE,149,UT,WI
SLC,MSO,1806,UT,MT
SLC,MSP,1701,UT,MN
SLC,MSY,339,UT,LA
SLC,MTJ,196,UT,CO
SLC,OAK,3335,UT,CA
SLC,OGG,264,UT,HI
SLC,OKC,636,UT,OK
SLC,OMA,516,UT,NE
SLC,ONT,1608,UT,CA
SLC,ORD,3277,UT,IL
SLC,PDX,3212,UT,OR
SLC,PHL,633,UT,PA
SLC,PHX,6935,UT,AZ
SLC,PIH,1436,UT,ID
SLC,PSC,1554,UT,WA
SLC,PSP,742,UT,CA
SLC,RAP,787,UT,SD
SLC,RDM,694,UT,OR
SLC,RDU,145,UT,NC
SLC,RKS,722,UT,WY
SLC,RNO,2010,UT,NV
SLC,SAN,2911,UT,CA
SLC,SAT,464,UT,TX
SLC,SBA,648,UT,CA
SLC,SEA,3823,UT,WA
SLC,SFO,3421,UT,CA
SLC,SGU,2317,UT,UT
SLC,SJC,1521,UT,CA
SLC,SMF,1740,UT,CA
SLC,SNA,2048,UT,CA
SLC,STL,1280,UT,MO
SLC,SUN,2525,UT,ID
SLC,TPA,287,UT,FL
SLC,TUL,390,UT,OK
SLC,TUS,1245,UT,AZ
SLC,TWF,1449,UT,ID
SLC,WYS,340,UT,MT
SMF,ACV,614,CA,CA
SMF,ATL,677,CA,GA
SMF,BUR,3236,CA,CA
SMF,CLT,76,CA,NC
SMF,DEN,3593,CA,CO
SMF,DFW,1292,CA,TX
SMF,HNL,364,CA,HI
SMF,IAD,364,CA,VA
SMF,IAH,1081,CA,TX
SMF,JFK,214,CA,NY
SMF,LAS,3490,CA,NV
SMF,LAX,4463,CA,CA
SMF,LGB,722,CA,CA
SMF,MDW,364,CA,IL
SMF,MRY,1,CA,CA
SMF,MSP,796,CA,MN
SMF,ONT,3434,CA,CA
SMF,ORD,746,CA,IL
SMF,PDX,2188,CA,OR
SMF,PHL,171,CA,PA
SMF,PHX,3851,CA,AZ
SMF,SAN,4160,CA,CA
SMF,SEA,3160,CA,WA
SMF,SFO,2534,CA,CA
SMF,SLC,1741,CA,UT
SMF,SNA,2360,CA,CA
SMX,LAX,1372,CA,CA
SNA,ATL,1526,CA,GA
SNA,CVG,85,CA,KY
SNA,DEN,4159,CA,CO
SNA,DFW,3818,CA,TX
SNA,DTW,202,CA,MI
SNA,EWR,948,CA,NJ
SNA,IAH,1602,CA,TX
SNA,LAS,4223,CA,NV
SNA,MSP,926,CA,MN
SNA,OAK,2946,CA,CA
SNA,ORD,2059,CA,IL
SNA,PDX,1395,CA,OR
SNA,PHX,5387,CA,AZ
SNA,SEA,2622,CA,WA
SNA,SFO,4866,CA,CA
SNA,SJC,4679,CA,CA
SNA,SLC,2047,CA,UT
SNA,SMF,2386,CA,CA
SPI,ORD,1442,IL,IL
SPS,DFW,299,TX,TX
SRQ,ATL,3143,FL,GA
SRQ,BOS,21,FL,MA
SRQ,BWI,328,FL,MD
SRQ,CLT,203,FL,NC
SRQ,CVG,349,FL,KY
SRQ,DCA,3,FL,VA
SRQ,DTW,150,FL,MI
SRQ,IND,162,FL,IN
SRQ,JFK,683,FL,NY
SRQ,MDW,592,FL,IL
SRQ,MEM,50,FL,TN
STL,ABQ,364,MO,NM
STL,ATL,4081,MO,GA
STL,BDL,106,MO,CT
STL,BHM,364,MO,AL
STL,BNA,527,MO,TN
STL,BOS,848,MO,MA
STL,BWI,1610,MO,MD
STL,CID,175,MO,IA
STL,CLE,661,MO,OH
STL,CLT,858,MO,NC
STL,CMH,622,MO,OH
STL,CVG,474,MO,KY
STL,DAL,2575,MO,TX
STL,DCA,1302,MO,VA
STL,DEN,2380,MO,CO
STL,DFW,3098,MO,TX
STL,DSM,218,MO,IA
STL,DTW,2249,MO,MI
STL,EWR,1581,MO,NJ
STL,FLL,373,MO,FL
STL,HOU,1324,MO,TX
STL,IAH,1159,MO,TX
STL,IND,323,MO,IN
STL,JAX,41,MO,FL
STL,JFK,554,MO,NY
STL,LAS,1686,MO,NV
STL,LAX,1410,MO,CA
STL,LGA,1341,MO,NY
STL,LIT,662,MO,AR
STL,MCI,1642,MO,MO
STL,MCO,2072,MO,FL
STL,MDW,3377,MO,IL
STL,MEM,802,MO,TN
STL,MIA,728,MO,FL
STL,MKE,735,MO,WI
STL,MSN,330,MO,WI
STL,MSP,1187,MO,MN
STL,OKC,678,MO,OK
STL,OMA,1000,MO,NE
STL,ORD,3466,MO,IL
STL,ORF,350,MO,VA
STL,PHL,726,MO,PA
STL,PHX,2348,MO,AZ
STL,RDU,555,MO,NC
STL,RSW,472,MO,FL
STL,SAN,319,MO,CA
STL,SDF,709,MO,KY
STL,SEA,578,MO,WA
STL,SFO,364,MO,CA
STL,SGF,236,MO,MO
STL,SLC,1280,MO,UT
STL,TPA,809,MO,FL
STL,TUL,666,MO,OK
STL,XNA,307,MO,AR
STT,ATL,686,VI,GA
STT,BOS,116,VI,MA
STT,CLT,423,VI,NC
STT,EWR,225,VI,NJ
STT,JFK,429,VI,NY
STT,LGA,10,VI,NY
STT,MIA,728,VI,FL
STT,PHL,205,VI,PA
STT,SJU,162,VI,PR
STX,ATL,48,VI,GA
STX,CLT,21,VI,NC
STX,MIA,382,VI,FL
SUN,SLC,2465,ID,UT
SUX,MSP,56,IA,MN
SWF,ATL,414,NY,GA
SWF,DTW,977,NY,MI
SWF,FLL,364,NY,FL
SWF,MCO,364,NY,FL
SYR,ATL,1137,NY,GA
SYR,CLE,323,NY,OH
SYR,CLT,690,NY,NC
SYR,CVG,18,NY,KY
SYR,DCA,220,NY,VA
SYR,DTW,1150,NY,MI
SYR,EWR,390,NY,NJ
SYR,FLL,5,NY,FL
SYR,HPN,2,NY,NY
SYR,IAD,359,NY,VA
SYR,JFK,2286,NY,NY
SYR,MCO,407,NY,FL
SYR,ORD,2016,NY,IL
SYR,PHL,333,NY,PA
TEX,PHX,176,CO,AZ
TLH,ATL,3371,FL,GA
TLH,DFW,354,FL,TX
TLH,FLL,175,FL,FL
TLH,MEM,874,FL,TN
TLH,MIA,1032,FL,FL
TOL,DTW,318,OH,MI
TOL,ORD,1034,OH,IL
TPA,ABQ,66,FL,NM
TPA,ALB,373,FL,NY
TPA,ATL,7191,FL,GA
TPA,AUS,365,FL,TX
TPA,BDL,867,FL,CT
TPA,BHM,716,FL,AL
TPA,BNA,1551,FL,TN
TPA,BOS,1445,FL,MA
TPA,BUF,648,FL,NY
TPA,BWI,2930,FL,MD
TPA,CAK,357,FL,OH
TPA,CLE,658,FL,OH
TPA,CLT,2757,FL,NC
TPA,CMH,896,FL,OH
TPA,CVG,1071,FL,KY
TPA,DAY,189,FL,OH
TPA,DCA,1446,FL,VA
TPA,DEN,1437,FL,CO
TPA,DFW,2593,FL,TX
TPA,DTW,1542,FL,MI
TPA,EWR,2320,FL,NJ
TPA,FLL,2804,FL,FL
TPA,FNT,209,FL,MI
TPA,GPT,95,FL,MS
TPA,HOU,1340,FL,TX
TPA,HPN,364,FL,NY
TPA,IAD,1765,FL,VA
TPA,IAH,1793,FL,TX
TPA,IND,1150,FL,IN
TPA,ISP,966,FL,NY
TPA,JAX,975,FL,FL
TPA,JFK,2870,FL,NY
TPA,LAS,672,FL,NV
TPA,LAX,320,FL,CA
TPA,LGA,1290,FL,NY
TPA,MCI,705,FL,MO
TPA,MDW,1642,FL,IL
TPA,MEM,769,FL,TN
TPA,MHT,659,FL,NH
TPA,MIA,1863,FL,FL
TPA,MKE,422,FL,WI
TPA,MSP,914,FL,MN
TPA,MSY,1054,FL,LA
TPA,ORD,1959,FL,IL
TPA,ORF,364,FL,VA
TPA,PBI,1331,FL,FL
TPA,PHL,3025,FL,PA
TPA,PHX,1012,FL,AZ
TPA,PIT,855,FL,PA
TPA,PVD,822,FL,RI
TPA,RDU,1007,FL,NC
TPA,ROC,339,FL,NY
TPA,SAT,364,FL,TX
TPA,SDF,389,FL,KY
TPA,SJU,364,FL,PR
TPA,SLC,287,FL,UT
TPA,STL,823,FL,MO
TRI,ATL,2298,TN,GA
TRI,CLT,9,TN,NC
TRI,CVG,305,TN,KY
TUL,ATL,1775,OK,GA
TUL,CVG,464,OK,KY
TUL,DAL,2136,OK,TX
TUL,DEN,2246,OK,CO
TUL,DFW,2894,OK,TX
TUL,DTW,690,OK,MI
TUL,EWR,331,OK,NJ
TUL,HOU,1297,OK,TX
TUL,IAH,2660,OK,TX
TUL,ICT,1,OK,KS
TUL,LAS,364,OK,NV
TUL,LAX,181,OK,CA
TUL,MCI,130,OK,MO
TUL,MEM,1062,OK,TN
TUL,MSP,783,OK,MN
TUL,MSY,1,OK,LA
TUL,ORD,1949,OK,IL
TUL,PHX,720,OK,AZ
TUL,SLC,391,OK,UT
TUL,STL,660,OK,MO
TUS,ABQ,692,AZ,NM
TUS,ATL,692,AZ,GA
TUS,CLT,4,AZ,NC
TUS,DEN,2455,AZ,CO
TUS,DFW,2515,AZ,TX
TUS,IAH,1560,AZ,TX
TUS,ICT,1,AZ,KS
TUS,LAS,1757,AZ,NV
TUS,LAX,3645,AZ,CA
TUS,MDW,554,AZ,IL
TUS,MSP,367,AZ,MN
TUS,ORD,726,AZ,IL
TUS,PHX,3603,AZ,AZ
TUS,SAN,1180,AZ,CA
TUS,SEA,365,AZ,WA
TUS,SFO,424,AZ,CA
TUS,SLC,1246,AZ,UT
TVC,DEN,106,MI,CO
TVC,DTW,1534,MI,MI
TVC,LGA,101,MI,NY
TVC,MSP,392,MI,MN
TVC,ORD,2445,MI,IL
TWF,SLC,1514,ID,UT
TXK,DFW,1353,AR,TX
TYR,DFW,1315,TX,TX
TYS,ATL,3017,TN,GA
TYS,CLE,408,TN,OH
TYS,CVG,763,TN,KY
TYS,DEN,364,TN,CO
TYS,DFW,1816,TN,TX
TYS,DTW,1128,TN,MI
TYS,EWR,518,TN,NJ
TYS,IAD,524,TN,VA
TYS,IAH,1240,TN,TX
TYS,LGA,523,TN,NY
TYS,MCO,116,TN,FL
TYS,MEM,1199,TN,TN
TYS,MIA,43,TN,FL
TYS,MSP,364,TN,MN
TYS,ORD,2235,TN,IL
TYS,SAT,1,TN,TX
VLD,ATL,1046,GA,GA
VPS,ATL,3475,FL,GA
VPS,CVG,56,FL,KY
VPS,DFW,2068,FL,TX
VPS,IAH,785,FL,TX
VPS,MEM,575,FL,TN
WRG,JNU,30,AK,AK
WRG,KTN,361,AK,AK
WRG,PSG,331,AK,AK
WYS,SLC,340,MT,UT
XNA,ATL,2029,AR,GA
XNA,CVG,2,AR,KY
XNA,DEN,826,AR,CO
XNA,DFW,2779,AR,TX
XNA,DTW,334,AR,MI
XNA,EWR,511,AR,NJ
XNA,IAH,1244,AR,TX
XNA,LAX,95,AR,CA
XNA,LGA,756,AR,NY
XNA,MEM,1048,AR,TN
XNA,MIA,2,AR,FL
XNA,MSP,672,AR,MN
XNA,ORD,3150,AR,IL
XNA,STL,307,AR,MO
YAK,CDV,359,AK,AK
YAK,JNU,360,AK,AK
YUM,IPL,118,AZ,CA
YUM,LAX,1104,AZ,CA
YUM,PHX,1972,AZ,AZ
